,Date,URL,Title
0,2018-03-06,http://chuansong.me/n/2223940043013,最强妇女节过节指南| 必看
1,2018-03-05,http://chuansong.me/n/2223940143032,新晋奥斯卡影后说的“inclusion rider”到底是什么？
2,2018-03-02,http://chuansong.me/n/2217197943727,“母胎单身，那又怎样？” | 你竟然是这样的女权主义者
3,2018-03-01,http://chuansong.me/n/2214225043019,我在庇护所的一夜| 反家暴法2周年特稿
4,2018-02-28,http://chuansong.me/n/2212823843624,钱与制作人放过白起李泽言吧，我想要性别友好游戏！
5,2018-02-28,http://chuansong.me/n/2212823943619,你有一封实习offer待查收|女声招聘
6,2018-02-27,http://chuansong.me/n/2211003843016,写一部女权主义小说为什么这么难？
7,2018-02-26,http://chuansong.me/n/2210011243624,The Post：一份报纸改写一国历史 | 荐影
8,2018-02-25,http://chuansong.me/n/2207785243728,三岁那年，剃着光头学跳芭蕾舞 |你竟然是这样的女权主义者
9,2018-02-15,http://chuansong.me/n/2196578943327,“您结婚这么多年觉得幸福吗？” | 女青年春节自救指南
10,2018-02-14,http://chuansong.me/n/2194299943920,灵魂选择自己的伴侣 | 女诗人爱情诗七首
11,2018-02-13,http://chuansong.me/n/2194300043028,辞旧制 迎新世 男女平等乐嘻嘻 | 2017女声原创精选
12,2018-02-12,http://chuansong.me/n/2194300143029,为把“剩女”污名埋进历史坟墓，她采访了25位大龄单身女青年
13,2018-02-08,http://chuansong.me/n/2186717143124,打破“缪斯”想象，乌玛·瑟曼称昆汀曾想“杀了她”
14,2018-02-07,http://chuansong.me/n/2182898443619,家务外包可以让婚姻更幸福吗？恐怕不行哦
15,2018-02-05,http://chuansong.me/n/2179322943225,照着《恋爱先生》的套路追女友，警察局就是你第二个家
16,2018-02-03,http://chuansong.me/n/2175224043122,156名女性出庭作证，禽兽奥运队医将死在狱中
17,2018-02-01,http://chuansong.me/n/2171783343833,不做你的“精致女孩”教科书 |《了不起的麦瑟尔夫人》到底在讲什么？
18,2018-01-30,http://chuansong.me/n/2170894343219,#米兔在中国#带你去看一场妇女大团结！
19,2018-01-29,http://chuansong.me/n/2167075143121,阿米尔·汗告诉你，男性女权主义者要甘做配角
20,2018-01-29,http://chuansong.me/n/2167075243128,“孩子，你可以对我提任何要求，但对生活不可以”|女声影评
21,2018-01-26,http://chuansong.me/n/2160932143127,“而你，就是个真正的女人了！”| 一只长颈鹿的语言革命
22,2018-01-25,http://chuansong.me/n/2160108543715,出租子宫，可以改善我的生活吗？
23,2018-01-24,http://chuansong.me/n/2158175843313,胸罩是一个女人的必需品吗？
24,2018-01-23,http://chuansong.me/n/2156474343026,马景涛强吻刘嘉玲：深情多金易激动男主是不是该被喊停？
25,2018-01-22,http://chuansong.me/n/2154496843613,我的母亲是一个“精神病人”
26,2018-01-22,http://chuansong.me/n/2154496943640,Me Too并不够，而是要Everyone In | 众筹给学校寄性骚扰调查报告
27,2018-01-19,http://chuansong.me/n/2148126243236,“多年以前的性骚扰经历，没证据，还能举报吗？”| 不可不看的反性骚扰问答
28,2018-01-18,http://chuansong.me/n/2145702343324,教育部表态“零容忍”，反校园性骚扰大功告成了吗？
29,2018-01-17,http://chuansong.me/n/2143927043824,消除性骚扰靠师德？在世界名校ta们这样防治性骚扰
30,2018-01-15,http://chuansong.me/n/2142009443031,“导师带我们去陪酒，想要读博就不能拒绝”| 陈小武的十八个分身
31,2018-01-12,http://chuansong.me/n/2137016643326,她以离职呼吁同工同酬 | 原BBC中国区女编辑致读者
32,2018-01-10,http://chuansong.me/n/2131441043321,吕频：中国式反性骚扰的新女性前途|女声独家
33,2018-01-09,http://chuansong.me/n/2129972943333,校长亲启|中国Metoo在大学，母校能否承载罗茜茜们的勇气和期待？
34,2018-01-05,http://chuansong.me/n/2124423743423,性别最平等国家并非一天建成，女性参政是关键一步
35,2018-01-04,http://chuansong.me/n/2121729643825,性别的离婚经济学——事业越成功，离婚几率就越大吗？
36,2018-01-03,http://chuansong.me/n/2118843143930,女博士实名举报北航教授性骚扰：中国的#MeToo要开始了吗？
37,2017-12-29,http://chuansong.me/n/2113653543320,娱乐圈的性骚扰可以谈论，那政治人物的呢？
38,2017-12-28,http://chuansong.me/n/2110949543720,别让妇科检查床成为大多数女性最不想躺的床
39,2017-12-27,http://chuansong.me/n/2109570143826,最新广州高校校园招聘调查报告：9成现性别歧视| 重磅
40,2017-12-26,http://chuansong.me/n/2106675243727,公共交通性骚扰多严重？最新报告：深圳近一半女性遭性骚扰
41,2017-12-25,http://chuansong.me/n/2104127243429,哪来的“塑料花姐妹情” | 感谢那些年相互支持共同成长的你
42,2017-12-21,http://chuansong.me/n/2098042943516,如何帮助一个处在危险关系中的朋友
43,2017-12-20,http://chuansong.me/n/2096122243823,跨越红灯区|抛开误解和偏见，看到ta们的另一面
44,2017-12-19,http://chuansong.me/n/2094106743115,爸爸辞职回家带娃是天方夜谭吗？
45,2017-12-18,http://chuansong.me/n/2092845743821,男孩玩枪是天性？不崇尚暴力才是更重要的一课
46,2017-12-18,http://chuansong.me/n/2092845843823,北京| 分享会：为孩子们构建友好安全的成长环境
47,2017-12-15,http://chuansong.me/n/2086892943620,“你被老师摸过吗？”这曾是我15年的噩梦
48,2017-12-14,http://chuansong.me/n/2084255843718,不论江歌案定论如何，我们也该了解的事
49,2017-12-13,http://chuansong.me/n/2084255943327,《演员的诞生》：男演员是戏痴，女演员却都在“耍心机”？
50,2017-12-12,http://chuansong.me/n/2080425943021,家庭主妇可耻吗？不，可耻的是你的傲慢和偏见
51,2017-12-11,http://chuansong.me/n/2080426043619,王大秀：我在北京干家政，家住城边费家村
52,2017-12-11,http://chuansong.me/n/2080426143619,双手撑起两个家，她们需要更多尊重与保障
53,2017-12-10,http://chuansong.me/n/2078216043528,“越勇敢就越有用不完的自由！” | “嘉年华”背后的反思
54,2017-12-08,http://chuansong.me/n/2073888043017,“打破沉默者”能打破中国的沉默吗？
55,2017-12-07,http://chuansong.me/n/2072039943127,从三色幼儿园到北京大清退：社会参与中的女人们能做些什么
56,2017-12-06,http://chuansong.me/n/2070111943525,别让你的孩子从小就学会性别压迫，性别平权从娃娃抓起
57,2017-12-05,http://chuansong.me/n/2068149843818,她们干掉了ISIS，还想干掉父权社会
58,2017-12-04,http://chuansong.me/n/2066261043128,亲历 | 在闹市区被老年男性性骚扰，为何大家都劝我算了？
59,2017-12-01,http://chuansong.me/n/2061369543023,反家暴法实施20个月：每天仍至少有一人死于家暴
60,2017-11-29,http://chuansong.me/n/2057303543630,性侵不是故事的终点：不再沉默！一起来看《嘉年华》| 粉丝福利
61,2017-11-27,http://chuansong.me/n/2053759943319,女工有力量！她们骑行五省，只为与你对话
62,2017-11-24,http://chuansong.me/n/2047868143934,反对亲密关系暴力指南 | 国际消除对妇女暴力日，一起对性别暴力说不！
63,2017-11-23,http://chuansong.me/n/2045142343325,宣扬“同意才性感”这一口号可以根治校园性侵问题吗？
64,2017-11-22,http://chuansong.me/n/2044145543230,我也被性骚扰过——中国女记者性骚扰状况调查，请你一起来参与！
65,2017-11-21,http://chuansong.me/n/2041896743317,加入联署| 追认江歌为烈士的请愿信
66,2017-11-20,http://chuansong.me/n/2039258143241,“希望有一天，人们能在身份证上选择自己真正认同的性别”|跨性别群体生存现状调查报告
67,2017-11-17,http://chuansong.me/n/2028304543927,“LV嫌弃我太胖！” | 探秘不把女人当人看的模特行业
68,2017-11-17,http://chuansong.me/n/2028304643923,为了反对地铁性骚扰，这个女孩竟然这样做| 必看
69,2017-11-15,http://chuansong.me/n/2017504843321,残障女性出国参加女权主义大会是种什么体验？
70,2017-11-15,http://chuansong.me/n/2017504943325,坚韧，抗争，姐妹们！|记一次团结但不单一的女权盛会
71,2017-11-14,http://chuansong.me/n/2017505043422,找到替罪羊就能解决江歌案？听听这些不同的声音
72,2017-11-13,http://chuansong.me/n/2017505143922,谁吃了人血馄饨？失焦的网络正义与隐身的杀人者
73,2017-11-12,http://chuansong.me/n/2017505243133,“木瓜丰胸？这是水果批发商的主意吧”| 来啦！女性健康谣言粉碎机！
74,2017-11-12,http://chuansong.me/n/2017505343125,通知|你有一个消除性别暴力“十六日行动”礼包待领取
75,2017-11-10,http://chuansong.me/n/2017505443429,哪怕你是得过两次诺贝尔奖的女人，依然逃不脱科技圈的性别歧视
76,2017-11-09,http://chuansong.me/n/2017505543227,携程亲子园虐童事件：愤怒、惩治过后，公共托幼何去何从？
77,2017-11-08,http://chuansong.me/n/2017505643125,飞向宇宙，浩瀚无垠！女性可以在科学里引领无限可能！
78,2017-11-08,http://chuansong.me/n/2017505743125,通知|你有一个消除性别暴力“十六日行动”礼包待领取
79,2017-11-07,http://chuansong.me/n/2017505843522,救救女孩！谁才是阻碍她们学好数学的罪魁祸首？
80,2017-11-06,http://chuansong.me/n/2017506043425,通知|你有一个消除性别暴力“十六日行动”礼包待领取
81,2017-10-26,http://chuansong.me/n/2014375243507,失去乳房的女人
82,2017-10-24,http://chuansong.me/n/2014375443423,谁说性爱百无禁忌？针对女性的暴力性幻想值得反省
83,2017-10-23,http://chuansong.me/n/2014375543717,平权路漫漫：一场非赢不可的性别大战
84,2017-10-20,http://chuansong.me/n/2014375643418,一个女人“壮如牛”是怎样的一种体验？
85,2017-10-19,http://chuansong.me/n/2014375743825,同一句话，女人说出来像空气，男人说出来就被赞天才？
86,2017-10-18,http://chuansong.me/n/2014375843624,女人要上得厅堂下得厨房，但……大厨只能男人来做？
87,2017-10-17,http://chuansong.me/n/2014375943520,厉害了我们的女同胞！十位新中国女性第一人
88,2017-10-16,http://chuansong.me/n/2014376043628,《那年花开月正圆》烂尾，伪大女主戏泛滥才是时代的真正倒退
89,2017-07-20,http://chuansong.me/n/1991668343921,学不好也没关系？女孩们，你可以对数学更自信
90,2017-07-20,http://chuansong.me/n/1991668443919,快到女声碗里来~招聘暑期媒体实习生2名
91,2017-07-19,http://chuansong.me/n/1987312643227,“下一次，我绝不放过你！”|记我的一次地铁被性骚扰经历
92,2017-07-17,http://chuansong.me/n/1983075543730,又现中暑身亡产妇！你还在觉得中国女人就是需要传统“坐月子”？
93,2017-07-14,http://chuansong.me/n/1978121743919,这样的超人妈妈谁爱当谁当，反正我是不当
94,2017-07-13,http://chuansong.me/n/1976594143622,下辈子想当女人、生俩孩子？马云又曝雷人性别观
95,2017-07-12,http://chuansong.me/n/1971915043619,富士康连环跳楼事件七年后，我拜访了田玉
96,2017-07-11,http://chuansong.me/n/1971915143537,“我曾经讲授过的那些知识和应对方式，一个字都看不到”| 当女社工遭遇性侵害
97,2017-07-10,http://chuansong.me/n/1967408243926,祈祷章莹颖平安归来的同时，你也该停止谴责性侵受害者！
98,2017-07-08,http://chuansong.me/n/1960925243322,致女权主义者 | 50条原则解放你的亲密关系
99,2017-07-08,http://chuansong.me/n/1960925343339,“女性安检通道，我看见了只是不想走进去而已。” | 请别给我名叫“保护”的束缚
100,2017-07-06,http://chuansong.me/n/1958682043920,残障女性不配当妈？被遗忘的女性家庭照顾者
101,2017-07-05,http://chuansong.me/n/1956356043222,“荡妇就荡妇，怎么着了？”诗人余秀华成名之后
102,2017-07-04,http://chuansong.me/n/1954393643828,罪犯根据什么锁定女性“猎物”？不用躲藏，自信与强大是良方
103,2017-07-03,http://chuansong.me/n/1951261043513,祖国母亲，你看见我们了吗？
104,2017-06-30,http://chuansong.me/n/1947033143248,“挑战男权政治结构的第一步，就是要让女性相信自己有力量”| 专访伊朗女权活动家马希赫·阿琳娜嘉德
105,2017-06-29,http://chuansong.me/n/1944896343227,“处女情结”已经没市场？你肯定还没看过这样的奇葩网文！
106,2017-06-28,http://chuansong.me/n/1942815043231,马德里公交贴牌反对“大爷式占座”，男人们大张双腿的自信该收收了
107,2017-06-23,http://chuansong.me/n/1932662943015,“女性车厢”能治地铁性骚扰吗？
108,2017-06-23,http://chuansong.me/n/1932663043039,他说“这个世界上没有男孩子应该做的和女孩子应该做的”|如何想象一位女权主义父亲
109,2017-06-22,http://chuansong.me/n/1930763543027,女明星公开谈论生理期不是洪水猛兽，我们终于踏出了第一步
110,2017-06-20,http://chuansong.me/n/1926515443332,“你可以问我啊”错在哪，以及是什么让女人成了隐形的“家务经理”？
111,2017-06-19,http://chuansong.me/n/1921092343117,高价彩礼背后，是女性地位的提高吗？
112,2017-06-18,http://chuansong.me/n/1921092443023,父亲节终极送礼指南：父职参与帮爸爸成为更好的人
113,2017-06-16,http://chuansong.me/n/1921092543927,化妆打扮是女孩子必须要做的事吗？一位“完美女生”的自白
114,2017-06-15,http://chuansong.me/n/1921092643222,出走、写反婚畅销书，15年后娜拉为何又回家？
115,2017-06-14,http://chuansong.me/n/1921092743831,被伤害、被控制，然后爱上他？影视作品中浪漫化的斯德哥尔摩综合征
116,2017-06-13,http://chuansong.me/n/1921092843830,“女德”与“传统文化”复辟：一碗让你觉得你在爱国修身的迷魂汤
117,2017-06-12,http://chuansong.me/n/1908948443524,“争”房产？开什么玩笑，女儿只是在捍卫平等继承权
118,2017-06-09,http://chuansong.me/n/1902314843213,如何培养一个女权主义男孩？
119,2017-06-09,http://chuansong.me/n/1902314943247,“我不能被归在任何一个盒子里，就狂野地朝着阳光生长、朝黑暗扎根” | 这30句话请不要对女孩说
120,2017-06-08,http://chuansong.me/n/1900430643724,这世界由他们领导？！平庸男人们的迷之自信从何而来
121,2017-06-07,http://chuansong.me/n/1897890043431,高等教育能给女性带来什么改变？愿参加高考的女生都遇见更好的未来
122,2017-06-06,http://chuansong.me/n/1895762343524,女人的性必须被掌控？两亿女性仍在承受“割礼”之痛
123,2017-06-05,http://chuansong.me/n/1893403543928,老人地铁打人事件后续| 揭露性骚扰反被告，她将何去何从？
124,2017-06-03,http://chuansong.me/n/1886223343820,《神奇女侠》究竟是不是一部女权主义电影？
125,2017-06-01,http://chuansong.me/n/1877138343424,儿童节，让我们正视现实：儿童不快乐，女童更不快乐
126,2017-05-31,http://chuansong.me/n/1877138443129,《加勒比海盗5》好看，而你注意到大片里“被消失”的女人了吗
127,2017-05-30,http://chuansong.me/n/1873476843137,“希望我们是相爱的、亲密的，同时也是自由的”| 女权主义者如何处理亲密关系
128,2017-05-26,http://chuansong.me/n/1865037843516,喂，男人，是时候来点情绪劳动惹！
129,2017-05-25,http://chuansong.me/n/1862937543626,家庭暴力、性别歧视，这部毁三观的国产动画片你看过吗？
130,2017-05-24,http://chuansong.me/n/1858656843030,台湾同性婚姻要合法了，操心婚恋问题的共青团给介绍同性伴侣不？
131,2017-05-23,http://chuansong.me/n/1856006543119,布拉德皮特：离婚后，我学习做更好的父亲
132,2017-05-22,http://chuansong.me/n/1853777643429,小包总，想说爱你不容易——论如何大言不惭地把骚扰犯变成情圣
133,2017-05-19,http://chuansong.me/n/1847132143514,我遭遇的申通快递员性骚扰事件
134,2017-05-18,http://chuansong.me/n/1844592143224,性骚扰，别给犯罪者找借口| 一位妇女抓流氓的故事
135,2017-05-17,http://chuansong.me/n/1841424143927,性别、年龄与权力| 马克龙夫人的年龄是一个女权主义议题
136,2017-05-16,http://chuansong.me/n/1841424243927,林奕含已经离去，而这6个关于性侵的重要真相依然少有人知
137,2017-05-16,http://chuansong.me/n/1841424343927,韩国新总统出恐同言论，拉拉活动家递上彩虹旗| 女权现场
138,2017-05-14,http://chuansong.me/n/1835329643924,母亲节不快乐？每七位母亲里就有一位经历过产后抑郁
139,2017-05-12,http://chuansong.me/n/1827928143125,追求暴力、单身压迫：为什么我们热衷于强行“作媒”？
140,2017-05-12,http://chuansong.me/n/1827928243131,“只希望他们接受身为女权主义者的我”| 如何与家人谈论性别平等
141,2017-05-11,http://chuansong.me/n/1827928343724,从林奕含到阿廖沙，不是每个性侵受害者都能大声呼喊
142,2017-05-11,http://chuansong.me/n/1827928443720,问卷调查 | 校园性别暴力可能就在你身边
143,2017-05-10,http://chuansong.me/n/1825442343527,父权和女权在这部电影中并存，正如我们此刻所生活的的世界
144,2017-05-10,http://chuansong.me/n/1825442443524,杀了你，是因为我太爱你| 有多少家暴，正以爱之名
145,2017-05-09,http://chuansong.me/n/1818050443633,厉害了| 起诉国企，约谈企业，她当上中国首位招聘网站性别歧视监督员
146,2017-05-08,http://chuansong.me/n/1815891643216,外国妈妈是超人，中国妈妈弱爆了？
147,2017-05-05,http://chuansong.me/n/1810316043728,《使女的故事》：女性成为“行动子宫”的世界离我们有多远？
148,2017-05-04,http://chuansong.me/n/1805283743623,从悲痛中浴死重生| 谢莉·桑德伯格的另一种选择
149,2017-05-03,http://chuansong.me/n/1805149243623,人造子宫的近未来，会是解除母职压迫的新福音吗？
150,2017-05-02,http://chuansong.me/n/1799492743226,《记忆大师》：悬疑也许很低级，但值得所有女性观众一看
151,2017-05-02,http://chuansong.me/n/1799492843232,“我只能沉默地看着他以示抗议”| 对权力关系性骚扰，我们有话要说
152,2017-04-29,http://chuansong.me/n/1796071743717,阶级与性别交织：范雨素的“七宗罪”
153,2017-04-28,http://chuansong.me/n/1796071843337,婚礼完成了你对浪漫爱情的想象？当我们被教导着渴望婚姻时，我们实际在破坏什么
154,2017-04-27,http://chuansong.me/n/1794065543019,十大女权主义者最不能忍的话，句句扎心！
155,2017-04-24,http://chuansong.me/n/1788132943937,四胞胎男孩安新家，姐姐只有厨房一张床，中国女儿何时能摆脱不公正的家庭命运？
156,2017-04-23,http://chuansong.me/n/1788133043422,与女儿聊天：如果有人夸你漂亮，你该怎样反应？
157,2017-04-21,http://chuansong.me/n/1783118043224,美国海军传阅上百女兵裸照，“纯洁”好丈夫去哪了？
158,2017-04-20,http://chuansong.me/n/1781392643027,第一个正式参加马拉松比赛的女人：我们要无所顾忌冲向终点
159,2017-04-19,http://chuansong.me/n/1779113543629,“高龄产妇”迷思| 35岁后生孩子，真有传说中那么恐怖吗？
160,2017-04-19,http://chuansong.me/n/1779113643628,认识我们身边的性别问题：青年反暴力工作坊招募中| 限北京
161,2017-04-17,http://chuansong.me/n/1766755543930,强奸犯和受害者能“和解”吗？沉痛告白：他强暴我的那7200秒
162,2017-04-14,http://chuansong.me/n/1766755643926,在中国，女性安全出行状况如何？公共交通或成最危险场所
163,2017-04-14,http://chuansong.me/n/1766755743941,“这些不过是人类的共性，没必要特定划到女生身上。”| 关于女大学生污名的18种回应
164,2017-04-13,http://chuansong.me/n/1766755943322,女声招聘全兼职工作人员若干，快到我们碗里来~
165,2017-04-12,http://chuansong.me/n/1765226443130,是你，会做单身妈妈吗？我们关于“家庭”的定义该被修改和拓宽了
166,2017-04-12,http://chuansong.me/n/1765226543122,女声招聘全兼职工作人员若干，快到我们碗里来~
167,2017-04-11,http://chuansong.me/n/1762701843029,港大男生性欺凌背后，也许是一场被期待的男子气概建构“游戏”
168,2017-04-10,http://chuansong.me/n/1760840743430,《人民的名义》平庸的女性角色让你不舒服？不好意思，这就是现实
169,2017-04-07,http://chuansong.me/n/1750739143734,男老师夸奖我“立体几何比男同学还强”| 关于校园性别歧视的28个故事
170,2017-04-06,http://chuansong.me/n/1746955143228,暖男婚后变“渣男”？中国女性对丈夫出轨焦虑背后的性别迷思
171,2017-04-05,http://chuansong.me/n/1745065643012,我曾经很讨厌自己是个女人
172,2017-03-31,http://chuansong.me/n/1729343443538,“我在心里脱口而出：为什么你们不是女权主义者?”| 我的女权主义“出柜”故事
173,2017-03-30,http://chuansong.me/n/1726343343119,中国妈妈们的终极爆发：你不焦虑你来啊！
174,2017-03-29,http://chuansong.me/n/1723419443629,对女人来说，最具革命意义的举动是一次自我起愿的旅行| 荐书
175,2017-03-28,http://chuansong.me/n/1719566643930,性别视角看“辱母杀人案”：“血性男儿”为个人权利伸张赋正义？
176,2017-03-28,http://chuansong.me/n/1719566743924,当骑跨在我身上的侵辱者对我说：你报警也没有用……
177,2017-03-27,http://chuansong.me/n/1715935043927,你可以成为任何你想成为的样子| 漫画推荐：《孤人剧场》
178,2017-03-24,http://chuansong.me/n/1706628543633,“所有超出了他们理解范围的事情都被叫做#女权癌#”| 粉丝留言精选
179,2017-03-23,http://chuansong.me/n/1701850143716,《美女与野兽》：基因里的女权主义
180,2017-03-22,http://chuansong.me/n/1696565343329,女权污名化是个问题吗？开骂之前，先给你讲讲这些我曾经历的事
181,2017-03-22,http://chuansong.me/n/1696565443320,女权之声微博回来了，我们有这些话想对你说
182,2017-03-21,http://chuansong.me/n/1692313543723,一手工作一手喂奶！如果BBC爆红视频主角是女人
183,2017-03-20,http://chuansong.me/n/1690163743030,深圳性别平等促进条例：反性别歧视制度先锋，如今竟成一纸空文？
184,2017-03-20,http://chuansong.me/n/1690163843012,我在女权之声的最灿烂时光
185,2017-03-17,http://chuansong.me/n/1680915443542,“只想要快乐的话我还不如下楼去吃炸鸡”| 关于“女权主义会让人不幸福吗”的30个回答
186,2017-03-16,http://chuansong.me/n/1678541443123,中国第一支反性骚扰广告为何历时一年仍无法上架？
187,2017-03-16,http://chuansong.me/n/1678541543116,参与女权活动让我觉得既自豪又神奇
188,2017-03-15,http://chuansong.me/n/1674236643118,改变从现在开始，女权之声和她的朋友们
189,2017-03-14,http://chuansong.me/n/1672204943725,安妮·海瑟薇联合国演讲：“母亲产假”是对女性的束缚
190,2017-03-14,http://chuansong.me/n/1672205043727,七个误解及反驳告诉你：为什么我们仍需要女权主义| 旧文
191,2017-03-13,http://chuansong.me/n/1668102543715,“女利”的锅，女权主义背不背？
192,2017-03-13,http://chuansong.me/n/1668102643723,女权主义没有回头路，我只能像一头牛一样慢慢耕耘
193,2017-03-10,http://chuansong.me/n/1657648843741,“就像它暗示的那样，是一种像野草般生长的力量”| 关于“田园女权主义”的23种看法
194,2017-03-10,http://chuansong.me/n/1657648943718,艰难前行的中国女工：她们需要女权主义
195,2017-03-09,http://chuansong.me/n/1652123243226,她给6592个大学生发了问卷，才发现七成人曾被性骚扰
196,2017-03-09,http://chuansong.me/n/1652123343214,生而为女，我们需要女权之声！
197,2017-03-08,http://chuansong.me/n/1648567843223,今年如何过“三八”？这群女青年重走了百年女权路
198,2017-03-08,http://chuansong.me/n/1648567943214,女权的声音未曾缄默，未曾消失
199,2017-03-07,http://chuansong.me/n/1646276243928,三八女权节来了！盘点这些年中国女权主义者做过的25件好事
200,2017-03-07,http://chuansong.me/n/1646276343914,女权主义让我们不认命、更勇敢
201,2017-03-06,http://chuansong.me/n/1644163943828,“吓坏家长”的性教育读本，明明就是一套反性别歧视教程啊！
202,2017-03-06,http://chuansong.me/n/1644164043821,我们不再孤独，谁也不能假装听不见我们的声音
203,2017-03-03,http://chuansong.me/n/1626916343026,新任奥斯卡影帝是性骚扰犯？以艺术之名的“宽容”合理吗
204,2017-03-03,http://chuansong.me/n/1626916443020,来自一位女同性恋的告白：女权之声陪我出柜
205,2017-03-02,http://chuansong.me/n/1622740343131,《隐藏人物》里，打破NASA“水泥天花板”的三名女性是什么人？
206,2017-03-02,http://chuansong.me/n/1622740443119,他们想埋葬我们，却不知道我们其实是种子
207,2017-03-01,http://chuansong.me/n/1620814343230,反家暴法实施一年，“国家禁止任何形式的家庭暴力”仍远非共识？
208,2017-03-01,http://chuansong.me/n/1620814443224,善良的人将与你们并肩前行| 女声微博被禁第10天
209,2017-02-28,http://chuansong.me/n/1618004943417,中国女权主义斗争：历史洪流不可阻挡
210,2017-02-28,http://chuansong.me/n/1618005043420,女权之声陪伴我成长| 女声微博被禁第9天
211,2017-02-27,http://chuansong.me/n/1614906943524,大清亡了，但还有多少个马泮艳在充当现代“童养媳”
212,2017-02-27,http://chuansong.me/n/1614907043522,她是女性朋友的精神食粮| 女声微博被禁第8天
213,2017-02-24,http://chuansong.me/n/1603822743625,不想把儿子养成“直男癌”？九招你不可不知的育儿秘籍
214,2017-02-24,http://chuansong.me/n/1603822843626,“小粉红”来信？不女权者怎爱国| 女声微博被禁第5天
215,2017-02-23,http://chuansong.me/n/1601706443925,男编辑威胁撤稿要求上床，女孩“绝不私了”却被反咬？
216,2017-02-23,http://chuansong.me/n/1601706543917,我与女权之声| 女声微博被禁第4天
217,2017-02-22,http://chuansong.me/n/1597756743322,旧文| 对不想要孩子的女人，你不该说的五句话
218,2017-02-21,http://chuansong.me/n/1591987043826,第89届奥斯卡，女性能成为台前幕后的“关键少数”吗？
219,2017-02-21,http://chuansong.me/n/1591987143820,女权之声微博无故遭禁30天，请关注声援！
220,2017-02-20,http://chuansong.me/n/1590043143622,励志！这位高三女生众筹拍摄了一部女权向微电影
221,2017-02-17,http://chuansong.me/n/1581118643727,瘦无止尽：一位顶级模特告诉你她是如何因厌食症而走下T台
222,2017-02-16,http://chuansong.me/n/1578014643715,2017小女孩文学世界漫游指南
223,2017-02-15,http://chuansong.me/n/1573256743921,历史之外的女性艺术家：艺术界如何将她们遗忘
224,2017-02-14,http://chuansong.me/n/1569254143927,新一波全球女权运动正在形成！今年三八，来一场妇女大罢工
225,2017-02-13,http://chuansong.me/n/1566967343721,当妈半年：平衡事业与母职，女超人是出路吗？
226,2017-02-10,http://chuansong.me/n/1557370843827,因为浙江艾滋感染事故，这种不靠谱的流产治疗法浮出了水面
227,2017-02-10,http://chuansong.me/n/1557370943823,《听我说》：来上海看一场性教育话剧吧| 赠票啦
228,2017-02-09,http://chuansong.me/n/1554774243027,家暴受害者“软弱无能，态度反复”，帮她是不是浪费时间？
229,2017-02-08,http://chuansong.me/n/1552881443113,代孕：令人焦虑的母职交易？
230,2017-02-07,http://chuansong.me/n/1549814643514,为什么女人就不能讨厌生孩子？
231,2017-02-06,http://chuansong.me/n/1545825743718,春晚小品，你全然不有趣，也丝毫无温情
232,2017-01-26,http://chuansong.me/n/1513448743817,为什么特朗普女儿伊万卡不是女权代表
233,2017-01-25,http://chuansong.me/n/1510609143626,郑欣宜“高调肥”挨轰，女性能否凭己力扭转被凝视关系？
234,2017-01-24,http://chuansong.me/n/1509444943729,听中国女权主义者说，参与120万人女权大游行是怎样一种体验
235,2017-01-19,http://chuansong.me/n/1499439643221,无处安放：“心甘情愿”嫁给恐怖分子的女人们
236,2017-01-18,http://chuansong.me/n/1497140343322,这场演讲告诉你，为什么怀孕女人的性值得被谈论
237,2017-01-16,http://chuansong.me/n/1492084943621,又是一年逼婚时……你准备好这样怼回去了吗？
238,2017-01-13,http://chuansong.me/n/1486322143324,特朗普上台，听说好多大牌明星都将参加这场女权游行
239,2017-01-12,http://chuansong.me/n/1484299043431,开放二胎后给女性免费“取环”，为何这样的“送福利”却引发众怒？
240,2017-01-11,http://chuansong.me/n/1481836243719,因为月经污名，她们被迫每月一次自我放逐
241,2017-01-10,http://chuansong.me/n/1480300443528,被朋友性侵，大家都在劝我私了，为什么没有人考虑我的感受？
242,2017-01-09,http://chuansong.me/n/1472484943530,这部电影让印度观众全体起立致敬！看励志老爸如何帮女儿改写命运
243,2017-01-06,http://chuansong.me/n/1458042343825,卫生巾广告在微博引骂声，可你仔细看看它的内容了吗？
244,2017-01-05,http://chuansong.me/n/1454064743414,重霾之下，母亲们如何创造改变
245,2017-01-04,http://chuansong.me/n/1446813743931,9岁跨性别女孩登《国家地理》封面，让我们听听这些孩子说性别问题
246,2017-01-03,http://chuansong.me/n/1444218243860,我没办婚礼，因为我不愿意演一场戏给别人看
247,2017-01-01,http://chuansong.me/n/1435624743364,你有一个新年礼包尚未领取 | 2016年女声原创精选
248,2016-12-29,http://chuansong.me/n/1414875643857,打还是不打？女性必须了解的HPV知识大科普
249,2016-12-28,http://chuansong.me/n/1406161743569,台湾离同性婚姻还有多远？大陆拉拉活动家现场观察
250,2016-12-27,http://chuansong.me/n/1402711943290,紧急！成都一警察“平安夜”动用警车实施家暴，女子求助立案无门
251,2016-12-26,http://chuansong.me/n/1392777743142,中国女性为什么开始远离婚姻？
252,2016-12-23,http://chuansong.me/n/1373171443457,这部剧好评率97%！好女孩反抗出的女权光芒
253,2016-12-22,http://chuansong.me/n/1371423843354,麦当娜：“我是个‘坏’女权主义者。”
254,2016-12-20,http://chuansong.me/n/1363915343784,钢索之上：警惕权力，同时更要警惕无所不在的政治“厌女症”
255,2016-12-19,http://chuansong.me/n/1352066943672,找遍全国，一群大学生和走过长征的红军女战士聊了聊
256,2016-12-18,http://chuansong.me/n/1336493743263,性感女英雄不够女权？被联合国下架的神奇女侠
257,2016-12-15,http://chuansong.me/n/1310239843465,不做家暴旁观者，我们真的都可以| 女声小编亲历
258,2016-12-14,http://chuansong.me/n/1297838643763,中国女权主义者致信川普：别传播“直男癌”！
259,2016-12-13,http://chuansong.me/n/1290481643169,校园不需要“狼性文化”，解决霸凌别再用阳刚教育
260,2016-12-12,http://chuansong.me/n/1285504743048,“男孩危机”：男权的旧日怀旧幽灵
261,2016-12-08,http://chuansong.me/n/1265728943260,如果我们不反性，为什么还要谴责“裸贷”？
262,2016-12-07,http://chuansong.me/n/1256979043593,女记者为情自杀谁之过？用爱情与婚姻衡量女性价值的文化该醒醒了！
263,2016-12-06,http://chuansong.me/n/1252236743963,家务这么累还没钱拿，那么“雇佣结婚”怎么样
264,2016-12-06,http://chuansong.me/n/1252236843933,女声招聘啦，快到碗里来
265,2016-12-05,http://chuansong.me/n/1246472543881,“占领男厕所”五年，住建部终于因扩建女厕赢得了这面锦旗
266,2016-12-05,http://chuansong.me/n/1246472643872,听说，你等我们很久了？好玩又深刻的女泉微课来啦！
267,2016-12-02,http://chuansong.me/n/1212953543584,史上最真实性骚扰实验来了！地铁上目睹咸猪手，你会怎么办？
268,2016-12-01,http://chuansong.me/n/1203064843284,艾滋歧视加剧家庭暴力？调查显示，近半HIV女性感染者曾遭家暴
269,2016-12-01,http://chuansong.me/n/1203064943250,快来报名| 青年反暴力一日培育工作坊
270,2016-11-30,http://chuansong.me/n/1196030043060,支付宝道歉了，但“生活圈”究竟错在哪里？
271,2016-11-30,http://chuansong.me/n/1196030143036,青年反暴力一日培育工作坊
272,2016-11-28,http://chuansong.me/n/1185483843266,《我不是潘金莲》：女性个体如何失焦于国家政治
273,2016-11-25,http://chuansong.me/n/1159435743497,1125·反暴力日| 针对女性的暴力有多普遍？不要让她们生活在恐惧之中
274,2016-11-24,http://chuansong.me/n/1155947443560,都知道考公务员难，原来女生考公务员更难！
275,2016-11-23,http://chuansong.me/n/1145882443181,在瑞典男人喋喋不休可能被投诉？“男式说教”患者自救指南
276,2016-11-21,http://chuansong.me/n/1137374243593,童婚是消除性侵幼女的良方？土耳其爆发抗议呼吁“强奸不可合法化”
277,2016-11-17,http://chuansong.me/n/1123075443669,她们艰难前行——女性成为夫妻共同债务最大受害人
278,2016-11-16,http://chuansong.me/n/1119350643966,身为母亲，让“你的孩子不是你的孩子”容易吗？
279,2016-11-15,http://chuansong.me/n/1112757343098,飞向“半边天”的女人| 跨越性别“禁区”，女飞行员拥有的是整片天空啊
280,2016-11-14,http://chuansong.me/n/1103367943142,特朗普当选，对女人意味着什么
281,2016-11-11,http://chuansong.me/n/1094234443057,世界不够美好？赶紧看个女权漫画治愈一下
282,2016-11-11,http://chuansong.me/n/1094234543066,又一波女声活动来了！媒体人性别工作坊开始招募
283,2016-11-09,http://chuansong.me/n/1088777043384,超八成民众支持单身女性生育，民间组织发布报告呼吁开放政策
284,2016-11-08,http://chuansong.me/n/1080439743890,哈佛男足《品女点评》不要太猥琐，让我们来一场厌女行为大会诊！
285,2016-11-08,http://chuansong.me/n/1080439843866,最后三天！高校性骚扰状况调查，请你一起来参与
286,2016-11-07,http://chuansong.me/n/1073252543582,美国大选在即| “死硬女强人”的天花板VS“仇女直男癌”的墙
287,2016-11-07,http://chuansong.me/n/1073252643564,媒体邀请| 广州·中国单身女性生育权报告发布会
288,2016-11-03,http://chuansong.me/n/1066193043581,《面具之内》：摘下假面，解决“男孩危机”不能靠阳刚教育
289,2016-11-03,http://chuansong.me/n/1066193143575,又一波女声活动来了！媒体人性别工作坊招募火热进行中
290,2016-11-02,http://chuansong.me/n/1064713543581,韩美双陷“闺蜜门”？吃瓜群众在女性领导人身上的围观悖论
291,2016-11-02,http://chuansong.me/n/1064713643566,又一波女声活动来了！媒体人性别工作坊开始招募
292,2016-11-01,http://chuansong.me/n/1063185143372,为何我们无法容忍隔壁的叫床声，却对家暴坐视不理？
293,2016-10-31,http://chuansong.me/n/1057997443372,直面校园性侵：我们不该活在99%强暴犯逍遥法外的世界
294,2016-10-28,http://chuansong.me/n/1050177543190,男女不平等程度高过印度？！2016中国性别差距全球排名99，再创新低
295,2016-10-28,http://chuansong.me/n/1050177643174,好活动看过来| 心理咨询师性别工作坊招募，只剩一天！
296,2016-10-27,http://chuansong.me/n/1045786543569,冰岛女性收入比男性低14%，所以她们决定提前14%下班
297,2016-10-26,http://chuansong.me/n/1031491843768,生命不可承受之痛| 为何女人习惯对痛经保持沉默？
298,2016-10-26,http://chuansong.me/n/1031491943787,错过了又要等一年！消除性别暴力“十六日行动”礼包开始赠送啦
299,2016-10-24,http://chuansong.me/n/1016441643074,上电视比报警有用?被轮奸女孩悲剧只是因为母亲奇葩吗?
300,2016-10-24,http://chuansong.me/n/1016441743087,错过了又要等一年！消除性别暴力“十六日行动”礼包开始赠送啦
301,2016-10-21,http://chuansong.me/n/1003690143651,少女的黑夜，“强奸犯”是周围所有人
302,2016-10-21,http://chuansong.me/n/1003690243666,消除性别暴力“十六日行动”工具包开始发放啦～
303,2016-10-19,http://chuansong.me/n/996735443088,家暴让她走向死亡，施暴者仅获刑6个月，法律出台挡不住悲剧重演
304,2016-10-18,http://chuansong.me/n/992169543886,“25岁以后就不能走可爱路线了”？一条广告为何惹毛全日本女性
305,2016-10-17,http://chuansong.me/n/984624043248,当女儿对我说，妈妈，我不想做女孩
306,2016-10-14,http://chuansong.me/n/972172643678,当我们反对川普的“更衣室闲谈”论时，我们在反对什么？
307,2016-10-13,http://chuansong.me/n/962427843769,抗议全面禁止堕胎，波兰“衣架运动”翻开女权新章
308,2016-10-12,http://chuansong.me/n/952673443993,中国孕产妇死亡率升高？时至今日，生育致死仍是女人难以超越的宿命
309,2016-10-11,http://chuansong.me/n/943094243554,九野，可能是中国大陆最女权的民谣乐队
310,2016-10-11,http://chuansong.me/n/943094343554,高校性骚扰状况调查，请你一起来参与！
311,2016-10-09,http://chuansong.me/n/931595043275,产假延长却更忧虑，女性的“福利恐惧症”为何难以消除
312,2016-10-08,http://chuansong.me/n/921389043093,她是美国最知名的华裔革命家，她说，要改变世界我们必须先改变自己
313,2016-09-29,http://chuansong.me/n/870187943242,拉拉也想生孩子，她们该怎么办
314,2016-09-27,http://chuansong.me/n/867487543660,一起震惊全台湾的性侵案，提醒了我们什么？
315,2016-09-26,http://chuansong.me/n/863307443867,忘掉刻板印象！这些女工的硬照rock爆了整个工业区
316,2016-09-23,http://chuansong.me/n/854633443993,战争性暴力受害“大娘”们留给世间的背影，是对国家良心永恒的诘问
317,2016-09-22,http://chuansong.me/n/852023543884,女大厨遭遇就业性别歧视，法院终判赔礼道歉，这是中国首例！
318,2016-09-21,http://chuansong.me/n/840836743581,如何想象一个女权主义式的未来？全球千名女权活动家这样说
319,2016-09-20,http://chuansong.me/n/832389343801,贤者之爱、七月与安生| 碎裂的女性共同体：难以言说的女性欲望与多元之爱
320,2016-09-19,http://chuansong.me/n/818581443951,亲爱的女儿，你不需要是被救赎的公主
321,2016-09-13,http://chuansong.me/n/754340843178,为了亲测带娃有多累，直男当了一下午超级奶爸，结果……
322,2016-09-12,http://chuansong.me/n/751145843450,单身，婚姻的新想象| 荷兰女人这样活
323,2016-09-10,http://chuansong.me/n/733332743684,免费师范性别歧视有多严重？报告预测八年后将无免费师范女生
324,2016-09-09,http://chuansong.me/n/721880943236,你有性别偏见？我有药啊！
325,2016-09-07,http://chuansong.me/n/710659343357,舒淇结婚了，可她单身时也是人生赢家呀！
326,2016-09-07,http://chuansong.me/n/710659443363,寻人启事：寻找吉林地区有生育意愿的单身女性
327,2016-09-05,http://chuansong.me/n/690405943763,我们要如何看待女性的身体？从暴力到身体教育
328,2016-09-03,http://chuansong.me/n/656556043263,萧亚轩和霉霉都是“男神收割机”？那又怎样！
329,2016-09-01,http://chuansong.me/n/643191243180,致新生| 高考性别歧视四年未减，如何在大学开始愉快玩耍？
330,2016-08-31,http://chuansong.me/n/629406443845,要不要月经假，到底是谁的问题？
331,2016-08-30,http://chuansong.me/n/616954443371,不做辣妈！安妮·海瑟薇：怀孕不胖个几公斤怎么过瘾
332,2016-08-29,http://chuansong.me/n/608198143665,关我毛事| 男人第一次刮腋毛是一种怎样的体验？
333,2016-08-26,http://chuansong.me/n/577379743554,领完证就离婚，你有勇气做个单身妈妈吗
334,2016-08-25,http://chuansong.me/n/571510743875,郝景芳得了雨果奖，折叠的科幻世界里，女人在哪一面？
335,2016-08-24,http://chuansong.me/n/563642843572,跨性别者已经能参加奥运会，在土耳其却仍惨遭屠杀？
336,2016-08-23,http://chuansong.me/n/556504543378,电视里的辣妈多么优雅，可狼狈的囧妈才是血淋淋的现实啊
337,2016-08-23,http://chuansong.me/n/556504643344,广州沙龙| 当女权行动派遇上哲学
338,2016-08-22,http://chuansong.me/n/544082143592,扒一扒奥运报道中的性别差异| 除了女排刷过屏，太多女运动员被忽视
339,2016-08-22,http://chuansong.me/n/544082243559,快到女声碗里来| 招聘工作人员及实习生若干
340,2016-08-19,http://chuansong.me/n/527513743562,倡议：我不做网络暴力的推手| 王宝强婚变后续
341,2016-08-19,http://chuansong.me/n/527513843539,未婚女性想生娃，你怎么看？
342,2016-08-18,http://chuansong.me/n/524314743977,婚姻终止，家暴未息| 男孩之争强化父权家庭“香火”延续
343,2016-08-18,http://chuansong.me/n/524314843983,寻人启事| 寻找被男生免费师范政策影响的女生、男生和老师们
344,2016-08-17,http://chuansong.me/n/520719143493,赛场兄弟情可歌可泣？然而懂得欣赏女运动员的竞技关系才是真进步啊
345,2016-08-17,http://chuansong.me/n/520719243445,对于未婚女性想生娃，你怎么看？
346,2016-08-16,http://chuansong.me/n/519220843154,王宝强离婚事件，听听女权主义者怎么说
347,2016-08-16,http://chuansong.me/n/519220943145,对于未婚女性想生娃，你怎么看？
348,2016-08-15,http://chuansong.me/n/512398143081,双标何时休？王宝强离婚了，脏水还是一如既往更多洒向女人
349,2016-08-12,http://chuansong.me/n/507894943475,要有多少的爱，才能长出“洪荒少女”没受过欺负的脸？
350,2016-08-11,http://chuansong.me/n/504568343868,荐书| 性暴力受害者的声音充满力量，她们会被听见
351,2016-08-10,http://chuansong.me/n/500615543854,月薪三千！这就是女足和男足的最大区别
352,2016-08-09,http://chuansong.me/n/496969743365,七夕毒鸡汤| 反思“追求文化”，何必看重被拒绝
353,2016-08-03,http://chuansong.me/n/477941943757,我不想让我的女儿继续经历现在的审美绑架
354,2016-07-28,http://chuansong.me/n/466020143187,月经不是疾病也不是诅咒，她创办“月经百科”破除印度月经禁忌
355,2016-07-27,http://chuansong.me/n/464983343439,真的“有了男票就会好”吗？
356,2016-07-26,http://chuansong.me/n/463366843739,不求天下无贼，但愿有贼讨贼
357,2016-07-25,http://chuansong.me/n/461653843477,詹妮弗·安妮斯顿：无论有没伴侣或孩子，女人都是完整的
358,2016-07-21,http://chuansong.me/n/450305443275,是谁挟持女人的身体？从深田恭子被嘲“摔跤选手”说起
359,2016-07-19,http://chuansong.me/n/447440743260,HPV疫苗终于获准在中国上市了！你需要去打吗
360,2016-07-15,http://chuansong.me/n/436648243990,调侃“男性气质”是刻薄吗？不，它是有的放矢（而且很有趣啊！）
361,2016-07-14,http://chuansong.me/n/435634043051,英国新首相，女权胜利还是玻璃悬崖？
362,2016-07-13,http://chuansong.me/n/430371043569,少女脸横行的时代，中国女人为什么不“敢”变老？
363,2016-07-12,http://chuansong.me/n/426084643978,“做自己”的问题：最需要肯定女人多样性的不是我们本身
364,2016-07-08,http://chuansong.me/n/410887643876,是谁更想要男孩？|“男性气质”让爸爸比妈妈更重男轻女
365,2016-07-06,http://chuansong.me/n/406955743163,报社记者性侵案：权力与恐惧滋生出的时代暗影
366,2016-07-05,http://chuansong.me/n/404656543951,“防狼手册”反而可能害了你的女孩？
367,2016-07-04,http://chuansong.me/n/402900643648,当我说“我想单身”时，我在说什么
368,2016-07-01,http://chuansong.me/n/401915943360,冰与火之歌：一个厌女世界对女性的野蛮塑造
369,2016-07-01,http://chuansong.me/n/401916043365,微信反女权？女声要维权| 就微信无故删帖的声明
370,2016-06-30,http://chuansong.me/n/398349843678,怎样判断是两厢情愿还是强奸？其实这就像请人喝茶一样！
371,2016-06-29,http://chuansong.me/n/391822343045,女人总是为难女人？这是个伪命题
372,2016-06-28,http://chuansong.me/n/388594543972,爱情和婚姻是必需品吗？是什么让女人对单身忧心忡忡
373,2016-06-27,http://chuansong.me/n/386072543570,新“男德”守则| 身为男人，你还在犯这25个错误吗？
374,2016-06-24,http://chuansong.me/n/378020543568,心理学解析| 为什么人们常说“被强暴是她活该”？
375,2016-06-23,http://chuansong.me/n/374793243874,家政工故事| 她把被家暴数十年经历写成剧本，涅槃重生
376,2016-06-22,http://chuansong.me/n/371993743436,做父亲，怎样才能更快乐？
377,2016-06-20,http://chuansong.me/n/370520843166,本是同根生？家庭暴力和恐怖主义有什么共同之处
378,2016-06-19,http://chuansong.me/n/369512043094,50件事教你做一位女权爸爸，与孩子一起让世界变更好吧！| 父亲节特辑
379,2016-06-16,http://chuansong.me/n/367591943586,不准哭，不准“娘”，不能和女生做朋友| 是谁在养成“男子汉”
380,2016-06-15,http://chuansong.me/n/366265143563,是什么导致枪击事件频频发生？霸权男性气质！
381,2016-06-13,http://chuansong.me/n/365050343583,斯坦福被性侵女生，我们和你在一起| 中国女权主义者全球行动
382,2016-06-07,http://chuansong.me/n/362176243771,扒一扒公益圈的性骚扰事件| 当事人为何不接受道歉？
383,2016-06-06,http://chuansong.me/n/361519443163,我们是迷妹，女权主义者，以及不可忽视的力量
384,2016-06-02,http://chuansong.me/n/357862843565,焦虑，羞耻，因情而性？| 为什么女人不敢有欲望
385,2016-06-01,http://chuansong.me/n/355989643449,如何养出有女权思想的娃？|父母指南
386,2016-05-31,http://chuansong.me/n/354493943936,这辈子可以不用做母亲吗？
387,2016-05-26,http://chuansong.me/n/350013543848,以“最贤的妻”定位杨绛，这合适吗
388,2016-05-25,http://chuansong.me/n/349099143660,年度精选冷笑话：单身会导致女政治家极端？
389,2016-05-24,http://chuansong.me/n/347105243566,警察公众平台到底该用什么态度来让女性注意安全
390,2016-05-23,http://chuansong.me/n/345040143542,鞋跟有多高，女人就有多脆弱？
391,2016-05-20,http://chuansong.me/n/342092843245,520，今天我们来谈谈这个台湾女人
392,2016-05-18,http://chuansong.me/n/337177543257,是谁夺走了女人的口袋？服装里的性别政治
393,2016-05-17,http://chuansong.me/n/335939743384,“贾平凹们”意淫的，是男性失败、女性遭囚禁的乡村叙事吗？
394,2016-05-11,http://chuansong.me/n/329494743375,《欢乐颂》里的性生态：女人有自由享受愉悦的权利吗？
395,2016-05-09,http://chuansong.me/n/323126243972,别让对精子和卵子的描述，都充满了“厌女症”的味道
396,2016-05-06,http://chuansong.me/n/320677543230,请不要祝我母亲节快乐
397,2016-05-05,http://chuansong.me/n/318539043366,劳动结构中的女性困境：共享经济能解放女性吗？
398,2016-05-04,http://chuansong.me/n/317645643969,莆田系如何利用人们的性恐惧捞快钱？揭穿常见骗局
399,2016-05-03,http://chuansong.me/n/317088843359,我在反逼婚路上遭过的“七宗罪”| 征文精选
400,2016-04-28,http://chuansong.me/n/306521243860,何韵诗芬兰遭性骚扰，呼吁别拿性侵害开玩笑
401,2016-04-27,http://chuansong.me/n/304325043460,伊能静回应歧视言论，女人不是你想骂就能骂
402,2016-04-26,http://chuansong.me/n/301730643251,女人如何看待生二孩？119名妈妈有话说
403,2016-04-26,http://chuansong.me/n/301730743229,征文| 我的反逼婚故事
404,2016-04-25,http://chuansong.me/n/299042243963,女性专用停车位是歧视，这应该是一道辩题吗？
405,2016-04-22,http://chuansong.me/n/293764643266,还需要多少个7.5万人，她们才有得到公义的一天？
406,2016-04-21,http://chuansong.me/n/290906843494,如果警察不相信强奸受害者，后果会有多严重？|一桩“离奇”的强奸案
407,2016-04-21,http://chuansong.me/n/290906943429,征文| 我的反逼婚故事
408,2016-04-19,http://chuansong.me/n/287430043651,为什么女人的性珍贵、男人的性浮滥？
409,2016-04-18,http://chuansong.me/n/286165743545,女性是时候要停止一切情感劳动了
410,2016-04-17,http://chuansong.me/n/2854483,性别歧视2000块就了事？想当大厨被拒的她发起众筹继续上诉
411,2016-04-14,http://chuansong.me/n/2844385,下一任联合国秘书长，会是女人吗？
412,2016-04-13,http://chuansong.me/n/2839678,逼婚逼生，这船咋说翻就翻了呢
413,2016-04-12,http://chuansong.me/n/2836228,争不到同工同酬，美国女足姑娘们就要抵制奥运会
414,2016-04-11,http://chuansong.me/n/2832175,用女权来卖广告，能消除性别歧视吗
415,2016-04-07,http://chuansong.me/n/2817693,无处申诉：酒店遇袭与性工作者遭遇的日常暴力
416,2016-04-06,http://chuansong.me/n/2812246,妇女的安全谁负责？！加入联署，向酒店和公安问责
417,2016-04-02,http://chuansong.me/n/2789276,“女权”变敏感词，新浪微博这是要封杀女权？！
418,2016-03-30,http://chuansong.me/n/2780368,激燃视频来一发！《巾帼大业》：当herstory取代history
419,2016-03-29,http://chuansong.me/n/2776160,我知道那些标准无非是束缚，但丑女焦虑的魔咒仍难以打破
420,2016-03-28,http://chuansong.me/n/2766337,豆果副总裁或将因怀孕“被离职”？不论菜鸟还是高层，孕妇不是想辞就能辞
421,2016-03-24,http://chuansong.me/n/2748718,这些姑娘想要占领地铁，让更多人知道制止公共场所性骚扰人人有责
422,2016-03-23,http://chuansong.me/n/2743465,女人在婚姻中从来承受更多骂名| 吴奇隆结婚了，放过马雅舒
423,2016-03-22,http://chuansong.me/n/2739185,WOMEN的定义可以有多少种？这群女子学院的学生有话要说
424,2016-03-21,http://chuansong.me/n/2716451,拒绝对女人的单一审美| 我爱我的腰，管她是不是A4的
425,2016-03-18,http://chuansong.me/n/2697789,加拿大女权总理圈粉到了联合国，他都说了些什么
426,2016-03-16,http://chuansong.me/n/2688055,社会不需要更多“乖女儿”！别用完美加冕女孩，让她们勇敢冒险
427,2016-03-15,http://chuansong.me/n/2683654,《疯狂动物城》创造了可能是有史以来最女权的……一只兔子
428,2016-03-14,http://chuansong.me/n/2677416,你们那么关心AI打败了人脑，为何对女人一直被压制视而不见？
429,2016-03-11,http://chuansong.me/n/2656450,“见家暴得管”是道德绑架吗？行善or间接作恶不言自明
430,2016-03-09,http://chuansong.me/n/2635307,宁做一名光荣的劳动妇女，也不要这样的“表扬”
431,2016-03-08,http://chuansong.me/n/2625616,有些女孩的命运就此改变 这个属于女人的节日里让我们谈谈童婚
432,2016-03-08,http://chuansong.me/n/2625617,小公举大梦想｜2016，看“进击的她们”如何逆袭？
433,2016-03-07,http://chuansong.me/n/2616055,妇女节致礼| 我们何止半边天，我们的征途是星辰大海！
434,2016-03-03,http://chuansong.me/n/2577253,女生节取代妇女节？不，我们要反“三七”过“三八”！
435,2016-03-02,http://chuansong.me/n/2569478,高中生为呼吁母婴室提案，哺乳室不是隔离是女人的权利
436,2016-03-01,http://chuansong.me/n/2552934,蓝翔校长妻子都去申请保护令了，你还不知道反家暴法今天实施？
437,2016-02-29,http://chuansong.me/n/2541557,不谈小李子，是Lady Gaga贡献了本届奥斯卡最感人时刻
438,2016-02-26,http://chuansong.me/n/2502269,《直美与加奈子》：“杀夫”路上，受暴女性何以重获新生
439,2016-02-25,http://chuansong.me/n/2492081,《房间》：女人的名字，不只有母亲
440,2016-02-24,http://chuansong.me/n/2480412,为什么我们都没听过“男性避孕药”？
441,2016-02-23,http://chuansong.me/n/2475130,女孩，或许单身才是你的最佳选择
442,2016-02-19,http://chuansong.me/n/2441718,谁说我们一定要按照规则玩游戏了？女人要勇于接受“标准”之外的美！
443,2016-02-18,http://chuansong.me/n/2429342,为什么“剩女”让人害怕？结婚不该是人生进度表上的待办事项
444,2016-02-17,http://chuansong.me/n/2422378,《美人鱼》：华服下衰朽的性别幻想
445,2016-02-16,http://chuansong.me/n/2373156,见什么样的饭才不会分手？
446,2016-02-15,http://chuansong.me/n/2365951,逃离农村是摆脱父权压迫的路吗
447,2016-02-09,http://chuansong.me/n/2337874,对那台除夕晚会来说，“另一种声音”更加重要
448,2016-02-06,http://chuansong.me/n/2334293,那些年，我们一起关注过的女权话题| 女声回顾
449,2016-02-05,http://chuansong.me/n/2313795,为了反逼婚，她们在北京地铁投了一则广告
450,2016-02-02,http://chuansong.me/n/2306003,春节有点闷？看这五部劲爆好看的女权电影
451,2016-02-01,http://chuansong.me/n/2300102,不再为歧视节目买单！2016春晚观看“找茬”指南
452,2016-01-29,http://chuansong.me/n/2278110,我的外表谁做主？警惕“美丽”背后的文化规训
453,2016-01-28,http://chuansong.me/n/2268791,男人也可能被家暴，但要看到女性普遍受暴的制度性现实
454,2016-01-28,http://chuansong.me/n/2268792,哇！今年春节，有人要众筹在北京地铁做一个反逼婚广告！
455,2016-01-27,http://chuansong.me/n/2255907,当“祖国母亲”被抛弃，“出征”的中国网民如何完成自己的父权想象
456,2016-01-26,http://chuansong.me/n/2249991,一场男人间的争执里，为何“像女人”成为羞辱
457,2016-01-22,http://chuansong.me/n/2222430,出生性别比连续7年下降，放开生育限制远远不够
458,2016-01-21,http://chuansong.me/n/2219015,非婚生育权离我们还有多远
459,2016-01-20,http://chuansong.me/n/2215411,我为什么不喜欢时下的偶像剧
460,2016-01-19,http://chuansong.me/n/2208642,从产妇之死谈起| 别让生育文化可能带给女人的悲剧反复上演
461,2016-01-19,http://chuansong.me/n/2208643,哇！今年春节，有人要众筹在北京地铁做一个反逼婚广告！
462,2016-01-15,http://chuansong.me/n/2169124,电影《女权之声》| 不公义的年代，女人从不沉默
463,2016-01-14,http://chuansong.me/n/2165850,代孕即将合法化了吗？令人焦虑的母职交易
464,2016-01-13,http://chuansong.me/n/2162159,2015年5部“直男癌”电影清单，你被它们洗脑了吗？
465,2016-01-13,http://chuansong.me/n/2162160,1.17北京| 分享会：非婚生育权，离我们还有多远？
466,2016-01-12,http://chuansong.me/n/2159251,用女性赋权包装商品，广告中的“美丽”可靠吗？
467,2016-01-11,http://chuansong.me/n/2150190,想用一颗钻石买断女人梦想？呵呵，女人已不再上当
468,2016-01-08,http://chuansong.me/n/2127223,专访| 池田惠理子：支援战争性暴力受害女性 必须民间介入
469,2016-01-07,http://chuansong.me/n/2124286,姑娘，你无须对世界说抱歉
470,2016-01-06,http://chuansong.me/n/2121512,性别歧视让学术圈女性严重流失| 中国学术圈的“管漏现象”
471,2016-01-04,http://chuansong.me/n/2115447,别让“蛇蝎”为家政工代言
472,2016-01-02,http://chuansong.me/n/2108742,如何关怀经历堕胎的女性？
473,2016-01-01,http://chuansong.me/n/2108743,中国即将迎来三波“婴儿潮”？但人口增长将比政府预期低很多
474,2015-12-31,http://chuansong.me/n/2104115,日本就二战强征韩国女性为性奴道歉，为何被幸存者强烈抗议
475,2015-12-29,http://chuansong.me/n/2100444,打开性骚扰案件的正确方式| 科学界的人文奖与人文界的耻辱奖
476,2015-12-25,http://chuansong.me/n/2082945,你们对强女人的想象与理解 果然匮乏得令人难堪
477,2015-12-24,http://chuansong.me/n/2080104,圣诞老人能是女的吗？一群萌娃道破2015年的性别真相
478,2015-12-23,http://chuansong.me/n/2076604,对那些勇敢的人，请和她们站在一起
479,2015-12-22,http://chuansong.me/n/2073650,什么？这些改变世界的发明都出自女人之手？！
480,2015-12-22,http://chuansong.me/n/2073651,摆脱贫乏生活阅读指南 | 荐号
481,2015-12-21,http://chuansong.me/n/2069465,呼声不停| 二审都出了，我们要一部什么样的反家暴法？
482,2015-12-14,http://chuansong.me/n/2040227,为什么打“小三”是侵害女性权益
483,2015-12-10,http://chuansong.me/n/2011954,现代医学和文化如何建构了怀孕的身体
484,2015-12-09,http://chuansong.me/n/2009036,“2016温馨提示”是个什么鬼？又来男权段子忽悠女人了
485,2015-12-08,http://chuansong.me/n/2006101,“保研路”：一则性别暴力的神话想象
486,2015-12-08,http://chuansong.me/n/2006102,如何反抗抑郁症和“直男癌”？来与她一起徒步中国
487,2015-12-07,http://chuansong.me/n/2002751,漫画| 你的意见太多了，女人有权利穿成自己想要的样子
488,2015-12-04,http://chuansong.me/n/1992769,桑兰之外，残障女性需要面对的不止争议
489,2015-12-03,http://chuansong.me/n/1990287,别再被骗了，根本不存在什么男性大脑和女性大脑
490,2015-12-02,http://chuansong.me/n/1986470,为什么扎克伯格休两月产假也是女性的胜利
491,2015-12-01,http://chuansong.me/n/1983757,亲爱的女生，你们要拿回自己的身体、情欲、权利
492,2015-11-30,http://chuansong.me/n/1979089,公开哺乳不文明？妈妈们要有当众哺乳的权利
493,2015-11-28,http://chuansong.me/n/1969214,生活中的性別议题| “租屋限女”是对男性的歧视吗？
494,2015-11-27,http://chuansong.me/n/1966330,反家暴，用人单位该负什么责？
495,2015-11-24,http://chuansong.me/n/1959942,复旦智慧女性班：豪华升级版的“女德班”
496,2015-11-20,http://chuansong.me/n/1946943,世界厕所日| 你那儿女厕够用吗
497,2015-11-18,http://chuansong.me/n/1943364,不要再问| 亲密关系暴力受害者不离开的六大原因
498,2015-11-17,http://chuansong.me/n/1934150,公共设施不友善，让中国妈妈带娃出门像闯关
499,2015-11-16,http://chuansong.me/n/1929669,从厌食症中解脱：女权主义告诉我，自然的身体没有错
500,2015-11-13,http://chuansong.me/n/1922171,从国家战争到“性别战争” ——写在日军性暴力受害人张先兔离世之际
501,2015-11-13,http://chuansong.me/n/1922172,记查明会与那流动着的力量：一场还并未争取到正义的抗争
502,2015-11-12,http://chuansong.me/n/1916878,就业没保障，怎么谈二胎？我们采访了两位曾遭遇就业歧视的孕妇
503,2015-11-11,http://chuansong.me/n/1904720,别光顾着买买买，单身的你还有这些“买不来”
504,2015-11-10,http://chuansong.me/n/1902340,双十一来了| 中国女人真的败家吗？
505,2015-11-09,http://chuansong.me/n/1899315,猴年，请别让我们再看性别歧视春晚！
506,2015-11-06,http://chuansong.me/n/1892198,“痛经假”该立法吗？制度缺陷致女性左右为难
507,2015-11-05,http://chuansong.me/n/1889405,加拿大出了个女权新总理，他还组建了女性占一半的内阁
508,2015-11-04,http://chuansong.me/n/1870175,俄罗斯开始“全女子太空团”实验，却遭“直男癌”提问：没有男人你们怎么办
509,2015-11-02,http://chuansong.me/n/1867398,她是中国第一个状告国企就业性别歧视的女生，然后赢了
510,2015-10-30,http://chuansong.me/n/1858936,把夜的安全和尊严还给女性
511,2015-10-29,http://chuansong.me/n/1856476,全面二孩后，女人会从强制不生变成被强制生吗
512,2015-10-28,http://chuansong.me/n/1854068,当抑郁遇见性别：什么给女人的生活蒙上阴霾
513,2015-10-27,http://chuansong.me/n/1850740,泼水之外，还可以怎样性别友好地庆祝毕业
514,2015-10-21,http://chuansong.me/n/1831430,如果把重要场合照片里的男性都P掉，有人做了中国版
515,2015-10-20,http://chuansong.me/n/1824349,一个抑郁症女孩正徒步中国，反抗“直男癌”
516,2015-10-18,http://chuansong.me/n/1820480,“医生”性侵女患者：女人没有错，勇敢站出来
517,2015-10-15,http://chuansong.me/n/1813208,我们需要的是女权主义，而不是”女性伟哥”
518,2015-10-10,http://chuansong.me/n/1797016,无处不在的性骚扰：“公”共空间属于女性吗？
519,2015-10-09,http://chuansong.me/n/1794644,指南| 对不想要孩子的女人，你不该说的五句话
520,2015-10-08,http://chuansong.me/n/1791284,是屠呦呦女士，不是屠呦呦“先生”
521,2015-10-02,http://chuansong.me/n/1763968,亲密关系暴力之痛：被男友打，是我的错吗
522,2015-09-29,http://chuansong.me/n/1757828,女性政治人物，为何不能理直气壮地单身
523,2015-09-25,http://chuansong.me/n/1737371,中国女性生存状况满意度调查：超七成女性网友不满意
524,2015-09-24,http://chuansong.me/n/1734725,Lady Gaga新歌控诉校园性侵：请停止责怪受害者
525,2015-09-22,http://chuansong.me/n/1728891,高考性别歧视愈演愈烈？公益组织发布报告喊话教育部促取消
526,2015-09-17,http://chuansong.me/n/1713721,给我一个快递，我能举起全世界
527,2015-09-15,http://chuansong.me/n/1708028,挑战性别标签：美国传奇运动员用身体写下女性运动史
528,2015-09-14,http://chuansong.me/n/1705225,我妈生下我之后呢？“做妈妈”的社会学观察
529,2015-09-13,http://chuansong.me/n/1701532,谁说“军队之魂”不能是女人？
530,2015-09-11,http://chuansong.me/n/1687632,女教师太多导致男孩“娘娘腔”？反驳“男孩危机”伪命题
531,2015-09-09,http://chuansong.me/n/1682526,叙利亚难民妇女：我们想要的是被当人对待
532,2015-09-07,http://chuansong.me/n/1679582,何为现代女性的“合理安顿”？从两部日剧说起
533,2015-09-06,http://chuansong.me/n/1676914,不只有女英雄与受害者，战争给女性带来什么 | 荐书
534,2015-09-02,http://chuansong.me/n/1666856,在交友APP给自己贴上“女权主义者”标签，接下来会发生什么
535,2015-09-01,http://chuansong.me/n/1662357,警惕幸运缔造的肥皂泡：美国学术圈如何教我成为女权主义者
536,2015-08-31,http://chuansong.me/n/1660037,除了废除嫖宿幼女罪，此次刑法修改还说了什么？
537,2015-08-27,http://chuansong.me/n/1650582,“剩女”经济学
538,2015-08-26,http://chuansong.me/n/1647045,“拼妈”时代：父亲继续缺席，母亲加重焦虑
539,2015-08-25,http://chuansong.me/n/1645765,四位女博士谈：在国外读博是种怎样的体验
540,2015-08-24,http://chuansong.me/n/1640799,为什么男作家写女性角色都那么烂？
541,2015-08-21,http://chuansong.me/n/1631918,你在拖你女儿的后腿吗？培育女孩领导力的五个方法
542,2015-08-20,http://chuansong.me/n/1627837,七夕| 给你讲另一个版本的牛郎织女故事
543,2015-08-18,http://chuansong.me/n/1621972,为什么我反对大部分“女性防狼守则”
544,2015-08-17,http://chuansong.me/n/1620347,“像男人一样思考”被评最差妇女节广告
545,2015-08-17,http://chuansong.me/n/1620348,如果你需要一罐清新空气| 公益账号推荐
546,2015-08-13,http://chuansong.me/n/1611894,参加马拉松来月经，她不用卫生棉条跑完全程
547,2015-08-11,http://chuansong.me/n/1606205,别以“保护”为名谴责受害者，23条关于强奸的迷思
548,2015-08-10,http://chuansong.me/n/1603753,"产妇坐月子竟中暑身亡，破除""月子""迷思"
549,2015-08-06,http://chuansong.me/n/1591942,别让你的女儿成为“乖女孩”
550,2015-08-05,http://chuansong.me/n/1591943,女权主义者为什么呼吁废除“嫖宿幼女罪”
551,2015-08-04,http://chuansong.me/n/1591944,当上爸爸后，男人的性别歧视更严重？
552,2015-08-03,http://chuansong.me/n/1591945,已分手情侣为非婚生女儿众筹罚款，我们采访了这位未婚妈妈
553,2015-07-31,http://chuansong.me/n/1581513,被拐的她为什么不离开？看到女人的选择与别无选择
554,2015-07-30,http://chuansong.me/n/1579208,冷冻卵子真能解放女性吗？
555,2015-07-30,http://chuansong.me/n/1579209,一天内征得近千签名，女大学生就郜艳敏事件寄信问责河北省委、公安厅
556,2015-07-28,http://chuansong.me/n/1573937,被拐女成“最美乡村女教师”是国家耻辱
557,2015-07-27,http://chuansong.me/n/1571702,女性专用停车位？我们不要假“关怀”要真平等
558,2015-07-26,http://chuansong.me/n/1567471,为什么全世界的脏话都离不开女性生殖器| 荐书
559,2015-07-24,http://chuansong.me/n/1565557,PJ Harvey：张开双腿的女神《希拉纳吉》| 女权摇滚
560,2015-07-23,http://chuansong.me/n/1562531,年内“全面开放二胎”？为何女人忧心忡忡
561,2015-07-22,http://chuansong.me/n/1560227,被偷拍性爱视频传上网还遭人肉，加拿大女孩霸气回应“荡妇羞辱”
562,2015-07-21,http://chuansong.me/n/1557632,被家暴母女派出所内遭刺死，女博士怒问警方：家暴管不管
563,2015-07-20,http://chuansong.me/n/1554730,贾玲不需要道歉，她对不起的只是自己
564,2015-07-19,http://chuansong.me/n/1552609,“女人是世界的黑奴” | 女权摇滚
565,2015-07-17,http://chuansong.me/n/1542777,和激萌的日本老奶奶偶像天团一起舞吧！
566,2015-07-16,http://chuansong.me/n/1540363,这些女人让人类第一次见到了冥王星的大头照
567,2015-07-15,http://chuansong.me/n/1537649,去优衣库做爱，还是举牌？
568,2015-07-15,http://chuansong.me/n/1537650,联署废除嫖宿幼女罪，一起来！
569,2015-07-14,http://chuansong.me/n/1535326,像女孩那样不可阻挡！超棒的卫生巾广告
570,2015-07-10,http://chuansong.me/n/1526439,奔跑吧，足球少女
571,2015-07-09,http://chuansong.me/n/1524360,女人不能露两点？一场解放乳头的运动已经开始
572,2015-07-08,http://chuansong.me/n/1521780,酷炫！用无人机空投堕胎药的“破浪女性”
573,2015-07-07,http://chuansong.me/n/1514641,草药自由决定性别？“换花草”神话盛行源于重男轻女文化
574,2015-07-06,http://chuansong.me/n/1511978,每个人都应该成为女权主义者
575,2015-07-03,http://chuansong.me/n/1505289,当男人被说“不够爷们”时，他们会干出什么事？
576,2015-07-02,http://chuansong.me/n/1503217,“女权要自由，女女要结婚！”北京拉拉办婚礼呼吁同性婚姻合法化
577,2015-07-02,http://chuansong.me/n/1503218,奉旨自裁还是辕门枭首：一个女工组织应该怎么死
578,2015-07-01,http://chuansong.me/n/1500865,献给女生的毕业演讲：永远不要因为“你是个女人”而放弃
579,2015-06-30,http://chuansong.me/n/1497886,高校招生，给女生的宣传片在哪儿？
580,2015-06-30,http://chuansong.me/n/1497887,我是女权主义者，今年15岁| 征文精选
581,2015-06-29,http://chuansong.me/n/1495890,关于美国同性婚姻合法化这件事，你需要了解的几种观点
582,2015-06-26,http://chuansong.me/n/1487340,专车PK各打女性牌，谁更高明？
583,2015-06-26,http://chuansong.me/n/1487341,一个理工女的女权主义之路| 征文精选
584,2015-06-25,http://chuansong.me/n/1485113,174名支持者提名中国女权者为“年度女英雄”，她们怎么说
585,2015-06-25,http://chuansong.me/n/1485114,我是如何成为女权主义者的：一个城市中产女生的反思| 征文精选
586,2015-06-24,http://chuansong.me/n/1482492,《侏罗纪世界》女主穿高跟鞋跑赢霸王龙，被吐槽性别歧视了
587,2015-06-23,http://chuansong.me/n/1479471,未婚生子不能上户口？她选择网上众筹4万罚款，却被下架
588,2015-06-19,http://chuansong.me/n/1470580,从钞票上就能看出一个国家的性别平等程度？
589,2015-06-18,http://chuansong.me/n/1468460,在男性中心的社会做男人是一种怎样的体验？
590,2015-06-17,http://chuansong.me/n/1465648,对妇女的暴力是种全球流行病，安吉丽娜·朱莉这样说| 女声
591,2015-06-17,http://chuansong.me/n/1465649,对女性的关怀，让我成为女权主义者| 征文精选
592,2015-06-16,http://chuansong.me/n/1463462,怪我咯？女科学家们回击“女性进实验室给男人添麻烦”论| 女声
593,2015-06-16,http://chuansong.me/n/1463463,一个女权主义者妈妈的成长和选择| 征文精选
594,2015-06-15,http://chuansong.me/n/1460004,阿根廷五月广场母亲：“疯女人”这样改写历史
595,2015-06-15,http://chuansong.me/n/1460005,不必当酷炫“黑寡妇”，也能成女权主义者| 征文精选
596,2015-06-12,http://chuansong.me/n/1454001,为女性的身体自由而战，包括腋毛！| 女声
597,2015-06-12,http://chuansong.me/n/1454002,身为女权主义者：我的幸运、不幸与梦想| 征文精选
598,2015-06-09,http://chuansong.me/n/1445595,女足时隔八年重返世界杯，你关注的就只有“颜值”？
599,2015-06-08,http://chuansong.me/n/1442953,从伤痛中觉醒，我成了一个女权主义者| 征文精选
600,2015-06-08,http://chuansong.me/n/1442954,做个女权主义者，我成了那个破坏气氛的人| 征文精选
601,2015-06-08,http://chuansong.me/n/1442955,我是异性恋男生，也是女权主义者| 征文精选
602,2015-06-04,http://chuansong.me/n/1428532,美吗？有女生发起了一场“女子腋毛大赛”| 女声
603,2015-06-03,http://chuansong.me/n/1425223,关于成功女性的十大谣言，广为流传却纯属偏见
604,2015-06-02,http://chuansong.me/n/1422993,好莱坞性别歧视泛滥，十位女性说出聚光灯下的真相| 女声
605,2015-06-02,http://chuansong.me/n/1422994,女声征文| 我是如何成为女权主义者的
606,2015-06-01,http://chuansong.me/n/1421060,儿童“劫”：调查发现超八成性侵受害儿童不知被侵犯| 女声
607,2015-05-29,http://chuansong.me/n/1413693,与伊芙·恩斯勒相遇在台北| 女声
608,2015-05-28,http://chuansong.me/n/1411787,我是一个女权主义者，你呢
609,2015-05-27,http://chuansong.me/n/1408915,官方“孝道家风”学习材料惊现“红颜祸水”论| 女声
610,2015-05-26,http://chuansong.me/n/1406786,自杀成了全球青少女的头号杀手，这是为什么| 女声
611,2015-05-25,http://chuansong.me/n/1404259,一群女权主义者昨天穿越了“三八线”，呼吁朝韩和平| 女声
612,2015-05-22,http://chuansong.me/n/1397646,“反女权也反男权”？女权主义者如何吐槽马云演讲| 女声
613,2015-05-21,http://chuansong.me/n/1395268,17岁高中生画“胖少女战士”，鼓励女性对身材更自信| 女声
614,2015-05-20,http://chuansong.me/n/1392924,520巨献：爱她爱到杀死她？分手暴力知多少| 女声
615,2015-05-19,http://chuansong.me/n/1390432,受暴者亲述：没有人必须经历暴力，你也一样| 女声
616,2015-05-15,http://chuansong.me/n/1380945,举报性骚扰之争：世界并不公正，责备受害者治不了病| 女声
617,2015-05-14,http://chuansong.me/n/1377788,漫威世界中哪个女性角色更女权？这世界已经很残酷了请不要再自相残杀
618,2015-05-14,http://chuansong.me/n/1377789,蓝妹妹和黑寡妇：男人堆里唯一的女性是“荡妇”？
619,2015-05-12,http://chuansong.me/n/1372770,“直男癌”横空出世：女人也用上了“杀伤性武器”| 女声
620,2015-05-12,http://chuansong.me/n/1372771,漫画：女人难道不应该是天生的女权主义者吗
621,2015-05-11,http://chuansong.me/n/1368628,做快乐的单身女郎？“剩女”话语仍为东方现实
622,2015-05-10,http://chuansong.me/n/1366486,不只是养小孩，母亲作为改变社会的力量
623,2015-05-07,http://chuansong.me/n/1359983,不平等的时代里，谁能“优雅老去”
624,2015-05-06,http://chuansong.me/n/1357920,女司机是怎样被妖魔化的？从成都女司机被打事件说起| 女声
625,2015-05-05,http://chuansong.me/n/1352687,“失败”的城市？无声的人民以“骚乱”呼喊
626,2015-05-05,http://chuansong.me/n/1352688,游行被捕记——亲历国家暴力，反思政治冷漠
627,2015-05-04,http://chuansong.me/n/1351043,女生要自由！25岁女生骑行环海南岛反性侵| 女声
628,2015-04-29,http://chuansong.me/n/1339795,家暴之殇：是什么导致女性致命之地的形成
629,2015-04-28,http://chuansong.me/n/1337204,出台反家暴法，让李彦与董珊珊的悲剧不再重演| 女声
630,2015-04-26,http://chuansong.me/n/1329693,李昂的《杀夫》与李彦的杀夫
631,2015-04-24,http://chuansong.me/n/1326574,受暴杀夫被判死缓，李彦案最终判决令人失望| 女声
632,2015-04-22,http://chuansong.me/n/1319434,饱受伤害但坚不可摧，那些强奸幸存者写下的话
633,2015-04-21,http://chuansong.me/n/1316605,民政局贴性别歧视海报，遭猛烈吐槽上头条| 女声
634,2015-04-20,http://chuansong.me/n/1315003,“招女快递员是违法”，性别歧视被告上法庭，北京邮政拒不认错| 女声
635,2015-04-02,http://chuansong.me/n/1261877,胡舒立，岂能被性别攻击所牺牲| 女声
636,2015-03-16,http://chuansong.me/n/1214265,15年后 “妇女能顶半边天”？| 女声
637,2015-03-15,http://chuansong.me/n/1212073,想改变对性的负面看法，她开发了世界首款女性自慰APP
638,2015-03-07,http://chuansong.me/n/1194306,今天，我们应该怎样过“三八”
639,2015-03-06,http://chuansong.me/n/1193225,“甭管怎样歪瓜劣枣，只要是男的就行”，一句话道破就业歧视多严重| 女声
640,2015-03-05,http://chuansong.me/n/1190233,12场女性主题TED演讲，拥抱内心的力量| 女声
641,2015-03-04,http://chuansong.me/n/1188559,元宵晚会要来了，央视歧视病能治好吗| 女声
642,2015-03-03,http://chuansong.me/n/1185699,女生526封信寄给人大女代表，呼吁废除收容教育| 女声
643,2015-03-02,http://chuansong.me/n/1183223,亲历“女权战春晚”，此时不发声更待何时| 女声
644,2015-02-28,http://chuansong.me/n/1179781,《问题餐厅》，来一碗冬日女权鸡汤，duang~~| 女声
645,2015-02-27,http://chuansong.me/n/1177318,我只想做一个安静的胖女人
646,2015-02-26,http://chuansong.me/n/1175282,“停播春晚”之抵抗与强拆| 女声
647,2015-02-24,http://chuansong.me/n/1172156,春晚歧视哪家强，网友发布歧视榜
648,2015-02-22,http://chuansong.me/n/1169644,"春晚歧视不可忍!11省观众向广电总局举报,要求停播歧视性节目"
649,2015-02-21,http://chuansong.me/n/1168181,"羊年春晚紧急会诊报告:共犯44处歧视病,还能不能治"
650,2015-02-20,http://chuansong.me/n/1166955,"春晚有毒,万人联署要求停播!反对歧视,为自由与多元生活权利代言"
651,2015-02-17,http://chuansong.me/n/1163607,男女过年大不同： 7个现象吐槽春节里的性别不平等| 女声
652,2015-02-16,http://chuansong.me/n/1162054,抹掉王子，当公主成为自己的拯救者| 女声
653,2015-02-15,http://chuansong.me/n/1160212,跳舞吧女人，在街头、在社区| 高能视频推荐
654,2015-02-14,http://chuansong.me/n/1158560,不只是情人节，你还应该知道的2月14日| 女声
655,2015-02-13,http://chuansong.me/n/1157010,性别比失衡别老怪传统文化，“男优女劣”现实是根源
656,2015-02-11,http://chuansong.me/n/1151578,"要面包,还是要爱情?反逼婚背后的挣扎 女声"
657,2015-02-10,http://chuansong.me/n/1149686,"一位家暴幸存者,成就了今年格莱美最震撼时刻 女声"
658,2015-02-09,http://chuansong.me/n/1146683,年轻人为何无力反逼婚| 女声
659,2015-02-08,http://chuansong.me/n/1144395,她开发了世界首款女性自慰APP，却被苹果下架，你有什么想问的| 问答邀约
660,2015-02-08,http://chuansong.me/n/1144396,她说“做爱不是演A片”| 辛迪·盖洛普答中国网友问
661,2015-02-07,http://chuansong.me/n/1142974,不愿再看“王子救公主”戏码，我们等了迪士尼八十年
662,2015-02-06,http://chuansong.me/n/1141535,骂女人是“Bonobo”，王思聪该向13岁女孩学习为什么“荡妇羞辱”是错的| 女声
663,2015-02-05,http://chuansong.me/n/1138747,喂奶、换尿布、做家务样样在行，看别人家的奶爸| 女声
664,2015-02-04,http://chuansong.me/n/1136698,"一粒小药丸,怎样搅起一场性的社会革命"
665,2015-02-03,http://chuansong.me/n/1133423,"2015中央一号文件里,关于农村妇女都说了些啥"
666,2015-02-02,http://chuansong.me/n/1131697,想当最会画画的女快递员却被邮政拒录，网友五个理由力挺她打官司| 女声
667,2015-02-01,http://chuansong.me/n/1128459,"她说“做爱不是演A片”,还想改变美国的色情片行业 问答邀约"
668,2015-01-31,http://chuansong.me/n/1127586,设女性车厢防性骚扰：“暖男”提议为啥不靠谱| 女声
669,2015-01-29,http://chuansong.me/n/1123316,同一份简历，只要性别“女”换成“男”，面试机会立马高出42%| 女声
670,2015-01-28,http://chuansong.me/n/1118264,女生为啥不能做快递员？起诉北京邮政性别歧视今立案| 女声
671,2015-01-26,http://chuansong.me/n/1115450,"“戊戌变法”失败后,康有为家的女人们怎样了"
672,2015-01-25,http://chuansong.me/n/1111935,会诊“直男癌”:这个社会需要治疗 女声
673,2015-01-22,http://chuansong.me/n/1105701,男性知识分子敢和谁结婚?独立的女人让谁怕和逃 女声
674,2015-01-21,http://chuansong.me/n/1103195,诗人余秀华：“姑奶奶只是写自己的诗歌”
675,2015-01-20,http://chuansong.me/n/1101395,出生性别比近116，性别歧视惹的祸| 女声
676,2015-01-19,http://chuansong.me/n/1098094,为什么要警惕女性鸡汤
677,2015-01-16,http://chuansong.me/n/1091302,乘着周国平上升：性别革命不会是昙花一现| 女声
678,2015-01-15,http://chuansong.me/n/1090144,“中国的艾米莉·迪金森”:余秀华诗十首
679,2015-01-14,http://chuansong.me/n/1087249,女人得做“温柔的情人，体贴的妻子，慈爱的母亲”？这样的时代早该变了
680,2015-01-14,http://chuansong.me/n/1087250,女权主义者集体发声：批判周国平意味性别革命的到来
681,2015-01-13,http://chuansong.me/n/1083116,某哲学家咋又火了？请放过女同胞
682,2015-01-13,http://chuansong.me/n/1083117,人因选择而自由| 九个值得关注的公众号
683,2015-01-12,http://chuansong.me/n/1077855,肖美丽获女性传媒大奖 众筹基金再出发
684,2015-01-08,http://chuansong.me/n/1064639,李彦案算不算2014年十大性别平等新闻事件
685,2015-01-07,http://chuansong.me/n/1056647,寻找薇薇安·迈尔:女保姆镜头记录旧时美国
686,2015-01-06,http://chuansong.me/n/1054495,"女声 如何看待《武媚娘传奇》被“剪胸”,女权主义者们这样说"
687,2015-01-05,http://chuansong.me/n/1050831,"女声 用“要看大胸”欲望抗辩,多数男人是在撒娇"
688,2015-01-04,http://chuansong.me/n/1046927,“另一种女性”背后的性别政治
689,2014-12-30,http://chuansong.me/n/1032481,女声 为什么必须说阴道?用一部话剧讲出性与暴力之真相
690,2014-12-30,http://chuansong.me/n/1032482,女声 阴道可“道”:在剧场内外为女性追寻自由
691,2014-12-29,http://chuansong.me/n/1029512,女司机何罪之有?凭什么被叫“马路杀手”
692,2014-12-26,http://chuansong.me/n/1022754,那些被遮蔽的女艺术家们
693,2014-12-25,http://chuansong.me/n/1018384,"教你怎么跟小姑娘套近乎,而且不谈外表!"
694,2014-12-24,http://chuansong.me/n/1015174,女声 庇护所能成为中国受家暴妇女的港湾吗
695,2014-12-24,http://chuansong.me/n/1015175,"女权主义电视台 反家暴法意见征集,我们有话说"
696,2014-12-23,http://chuansong.me/n/1011907,童装是怎样让女孩长成“乖乖女”的
697,2014-12-22,http://chuansong.me/n/1009836,对李银河“非出柜”事件的报道，有什么问题
698,2014-12-22,http://chuansong.me/n/1009837,选出2014必须知道的十个女权行动，留下你的意见
699,2014-12-19,http://chuansong.me/n/1001338,女声| 难道家庭中没有性暴力吗
700,2014-12-18,http://chuansong.me/n/999454,性别差距报告说，全球实现就业性别平等要等到2095年
701,2014-12-17,http://chuansong.me/n/996428,人=男人=不穿裙子的人?公共符号里歧视满满
702,2014-12-16,http://chuansong.me/n/992086,"她们用清水写下受害者故事,呼吁重视家庭内性侵害"
703,2014-12-16,http://chuansong.me/n/992087,扩大人身保护令适用范围!征集100个暴力受害者签名
704,2014-12-12,http://chuansong.me/n/985592,从农妇到画家:人生没有太晚的开始
705,2014-12-11,http://chuansong.me/n/983259,"女声 要受暴杀夫女罪当其罚,该考虑什么?不该考虑什么?"
706,2014-12-10,http://chuansong.me/n/980613,女声 不忘初心:反家暴法应属于民众
707,2014-12-10,http://chuansong.me/n/980614,"女声 反家暴要立法,社区姐妹有话说!"
708,2014-12-09,http://chuansong.me/n/978231,和小女孩聊天该谈些什么?
709,2014-12-08,http://chuansong.me/n/975926,女声 中国首部反家暴法 草草的＂草案＂
710,2014-12-05,http://chuansong.me/n/970136,女声 如何理解反家暴法征求意见稿?超详细解读
711,2014-12-02,http://chuansong.me/n/962836,"中国拟立法反家暴,被指力度不够"
712,2014-12-02,http://chuansong.me/n/962837,联署征集 万人签名呼吁将恋爱同居关系纳入家暴保护范围
713,2014-12-01,http://chuansong.me/n/961053,"女声 不就是女胖纸么,看什么看"
714,2014-11-30,http://chuansong.me/n/958122,"女声 三则视频告诉你,为什么要反对性别暴力"
715,2014-11-30,http://chuansong.me/n/958123,女声活动 成都·女权主义?一起来回答几个问题!
716,2014-11-27,http://chuansong.me/n/952422,女声 家庭暴力防治法需要一场全民大讨论
717,2014-11-26,http://chuansong.me/n/948114,联署邀请 呼吁公正审判家暴受害者李彦制暴案
718,2014-11-26,http://chuansong.me/n/948115,女大学生地铁cosplay 呼吁关注反家暴立法
719,2014-11-25,http://chuansong.me/n/944248,"女声 遇到家暴,你会怎么办?"
720,2014-11-25,http://chuansong.me/n/944249,《反家暴法》公开征求意见 女声将以系列专题跟进讨论
721,2014-11-24,http://chuansong.me/n/940215,青春之痛:工厂女工“人流”现状
722,2014-11-21,http://chuansong.me/n/934183,女声 是什么决定了性别不平等?性别指数SIGI告诉你
723,2014-11-21,http://chuansong.me/n/934184,女声 欢迎加入《家庭暴力防治法》信息分享邮件组
724,2014-11-20,http://chuansong.me/n/931806,家暴杀夫案重审中的中国式困境
725,2014-11-20,http://chuansong.me/n/931807,活动推荐 北京·公共空间对妇女的暴力 研讨会
726,2014-11-18,http://chuansong.me/n/921866,"女声独家亚太妇女运动:坚持抗争,为了光荣地死去"
727,2014-11-18,http://chuansong.me/n/921867,活动推荐 长春分享会:女性权益崛起
728,2014-11-18,http://chuansong.me/n/921868,"女声独家 和平,请让女人进来!"
729,2014-11-17,http://chuansong.me/n/916470,女声独家 李彦死刑案重审纪实:妇女涉刑罪 家暴如何纳入...
730,2014-11-16,http://chuansong.me/n/914868,"女声独家 二十年后,女人依然受困"
731,2014-11-16,http://chuansong.me/n/914869,女声独家 我为什么扛着拖把去开会?女权主义者的机场“奇...
732,2014-11-13,http://chuansong.me/n/907238,女声 女权主义者怎么看金庸
733,2014-11-13,http://chuansong.me/n/907239,女声 “消除性别暴力十六日行动”工具包申请【即将截止】
734,2014-11-12,http://chuansong.me/n/904495,女声 “浙江就业性别歧视第一案”宣判:判定歧视 赔偿两...
735,2014-11-12,http://chuansong.me/n/904496,女声 原创歌曲:一个女人的死亡——献给潘小梅
736,2014-11-11,http://chuansong.me/n/892358,"女声独家 女权主义电视台:高考招生,还女生平等!"
737,2014-11-10,http://chuansong.me/n/886716,女声 男女不是双方
738,2014-11-07,http://chuansong.me/n/875409,女声 听戴锦华谈妓女、侠女、摩登女郎和新女性
739,2014-11-06,http://chuansong.me/n/867432,女声 在巴黎站街的中国妇女
740,2014-11-05,http://chuansong.me/n/864680,女声独家 问责收容教育女生访谈扫黄警察:她们在拷问着我
741,2014-11-05,http://chuansong.me/n/864681,女声 消除性别暴力“十六日行动”工具包资料募集
742,2014-11-05,http://chuansong.me/n/864682,女声 消除性别暴力“十六日行动”工具包赠送开始申请啦!
743,2014-11-04,http://chuansong.me/n/860859,女声 童养媳:仍未绝迹的无奈生存
744,2014-11-03,http://chuansong.me/n/857405,女声 戴锦华:社会文化面临整体坍塌
745,2014-11-03,http://chuansong.me/n/857406,联署 促请西安长安公安分局依法惩治性别暴力施暴者
746,2014-10-31,http://chuansong.me/n/847687,女声独家 反性侵“床垫革命”观察:全国行动日哥大集会记
747,2014-10-31,http://chuansong.me/n/847688,"女声活动 改变,是可能的吗——以青年女权行动为例"
748,2014-10-30,http://chuansong.me/n/845246,女声 性别平等与外交技巧——围观审议有感
749,2014-10-30,http://chuansong.me/n/844997,女声 反性骚扰:靠师德还是靠法律?
750,2014-10-29,http://chuansong.me/n/839866,女声 问责收容教育制度的90后女孩
751,2014-10-29,http://chuansong.me/n/839867,女声独家 当萧红成了一剂鸦片
752,2014-10-28,http://chuansong.me/n/836450,女声独家 女巫迫害:妇女人权要消除有害传统习俗
753,2014-10-28,http://chuansong.me/n/836451,女声独家 加州通过新反性侵法案:说“是”才是同意!
754,2014-10-27,http://chuansong.me/n/834483,《不能说的夏天》:给校园性侵一记现实的耳光
755,2014-10-27,http://chuansong.me/n/834484,"女声活动 昆明·当我们谈论女权主义,我们在说什么?"
756,2014-10-24,http://chuansong.me/n/825188,"女声独家 政府代表回复消歧审议,哪条最神?"
757,2014-10-23,http://chuansong.me/n/817966,女声 问责收容教育第一案败诉:粤公安厅与法院拒绝出示证...
758,2014-10-23,http://chuansong.me/n/817967,女声独家 90后女生在问责收容教育第一案庭上最后陈述
759,2014-10-22,http://chuansong.me/n/814539,女声独家 什么妇女权利议题最值得谈 ?中国NGO就消歧公...
760,2014-10-22,http://chuansong.me/n/814540,女声独家 一分钟的发言机会
761,2014-10-22,http://chuansong.me/n/814541,女声独家 消歧公约中国审议15年:妇女NGO的参与
762,2014-10-20,http://chuansong.me/n/810300,女声 不要让高校沦为权力教师的储备后宫
763,2014-10-20,http://chuansong.me/n/810301,女声活动 广州·性、女权主义与社交媒体讨论会+女权沙龙
764,2014-10-17,http://chuansong.me/n/802093,女声 9部女作家心目中的男性必读书
765,2014-10-17,http://chuansong.me/n/802094,来演自己的阴道戏剧!BCome招募北京高校社团小伙伴
766,2014-10-16,http://chuansong.me/n/798894,女声 劳伦斯说出当年阿娇想说不敢说的话
767,2014-10-16,http://chuansong.me/n/798895,即将截止 北京·反性别暴力青年行动者一日培育计划招募
768,2014-10-14,http://chuansong.me/n/790347,好莱坞女性面临“赛璐珞天花板”
769,2014-10-13,http://chuansong.me/n/788090,女声 对强吻女生的副教授应刑事调查
770,2014-10-13,http://chuansong.me/n/788091,女声 教育部“红七条”禁止对学生性骚扰 王小箭成首个触...
771,2014-10-13,http://chuansong.me/n/788092,"女声独家 女大学生观点:你的情怀我不懂,我只懂我的权利"
772,2014-10-13,http://chuansong.me/n/788093,"女声 “随手拍”性骚扰,有没有问题?"
773,2014-10-11,http://chuansong.me/n/780943,“中国名校招生性别歧视地图” 出炉 仅四省无歧视
774,2014-10-11,http://chuansong.me/n/780944,女声活动 反对性别暴力青年行动者一日培育计划招募
775,2014-10-11,http://chuansong.me/n/780945,"我的女儿,马拉拉:一位女权主义父亲的演讲"
776,2014-10-09,http://chuansong.me/n/775405,"女声活动 今晚,让我们来谈一谈女权主义"
777,2014-10-08,http://chuansong.me/n/772501,女声 《黄金时代》:女作家身体的多重喻义
778,2014-10-08,http://chuansong.me/n/772502,"女声活动 在华东,过一个女权主义周末"
779,2014-09-30,http://chuansong.me/n/730359,女声 如何看腐败中的女性角色和性别等级
780,2014-09-30,http://chuansong.me/n/730360,女声 女大学生致信检察院质疑“三成女生自认女神”调查
781,2014-09-30,http://chuansong.me/n/730361,女声推荐 陪你过长假的十个公众号
782,2014-09-29,http://chuansong.me/n/728421,女声独家 从扫黄、出轨、嫖娼看性/别政治经济学
783,2014-09-28,http://chuansong.me/n/725163,女声独家 女权主义电视台第十期:谁来保护TA?
784,2014-09-28,http://chuansong.me/n/725164,女声 就昆明小学生踩踏事件致倡议书
785,2014-09-28,http://chuansong.me/n/725165,女声活动 反对性别暴力行动者一日培育计划
786,2014-09-26,http://chuansong.me/n/717254,女声独家 漂洋过海的妇女运动:日本战争性暴力反思在中国
787,2014-09-25,http://chuansong.me/n/713011,女声独家 张柏芝做自己就够了
788,2014-09-24,http://chuansong.me/n/709240,女声独家 性别异见者之协作——写给“问责收容教育第一案...
789,2014-09-24,http://chuansong.me/n/709241,女声活动 “女权主义+X”?寻讲座合作
790,2014-09-18,http://chuansong.me/n/687388,"女声 家有美妻,为何还要嫖娼"
791,2014-09-17,http://chuansong.me/n/685362,女声 女权徒步女生肖美丽约谈被控性骚扰企业家严介和
792,2014-09-16,http://chuansong.me/n/680591,女声 教师职业女性化:为何“被问题”?
793,2014-09-15,http://chuansong.me/n/677006,女声 徒步中国女生肖美丽向31省市教育厅寄送防性侵大礼包
794,2014-09-15,http://chuansong.me/n/677007,女声独家 被指性骚扰 企业家为何不在乎
795,2014-09-13,http://chuansong.me/n/668486,联署邀请 中小学教师联署呼吁建立校园防性侵规范
796,2014-09-12,http://chuansong.me/n/666712,女声推荐 文理不分科时代跨学科阅读指南
797,2014-09-11,http://chuansong.me/n/663136,女声 全国问责收容教育第一案:90后女生状告广东省公安厅
798,2014-09-10,http://chuansong.me/n/658954,女声 “小红帽”喊打“大灰狼”:女大学生教师节反校园性...
799,2014-09-10,http://chuansong.me/n/658955,女声活动 9月14日校园性侵害防治机制倡导研讨会邀请你
800,2014-09-09,http://chuansong.me/n/657915,女声独家 “黑色八月”谬判女人罪
801,2014-09-09,http://chuansong.me/n/657916,女声推荐 BCome小组又要招新啦!
802,2014-09-04,http://chuansong.me/n/649232,女声 被家暴的女人:我如何走上杀夫自救之路
803,2014-09-03,http://chuansong.me/n/646057,女声独家 女星裸照泄露者想要告诉我们的
804,2014-09-03,http://chuansong.me/n/646058,联署邀请 中小学教师联署呼吁建立校园防性侵规范
805,2014-09-02,http://chuansong.me/n/643904,女声 《无家可归》:藏族妇女在北京
806,2014-09-01,http://chuansong.me/n/640342,女声独家 女性安全贴士:限制女性背后是父爱和犬儒
807,2014-08-29,http://chuansong.me/n/627711,"女声独家 我想安全地出行,这需要理由吗?"
808,2014-08-28,http://chuansong.me/n/625847,女声 看!有力女人在抗争: 广州大学城环卫工维权罢工纪事
809,2014-08-27,http://chuansong.me/n/623497,女声 这个星球上有个避孕与堕胎博物馆
810,2014-08-26,http://chuansong.me/n/621305,"女声 女性需要的不是“安全小贴士”,是安全的公共空间"
811,2014-08-25,http://chuansong.me/n/619510,女声 蒸鱼杀妻:醒醒陷入孝道陷阱的儿子
812,2014-08-25,http://chuansong.me/n/619511,女声招聘 妇女传媒监测网络招聘工作人员两名【即将截止】
813,2014-08-22,http://chuansong.me/n/614866,女声 出轨拓展已婚女性的生命空间
814,2014-08-21,http://chuansong.me/n/612589,女声 男人可以为支持女权主义做到的35件实事
815,2014-08-20,http://chuansong.me/n/611467,女声 孩子的性别刻板印象如何形成 它对孩子的成长有何利弊
816,2014-08-19,http://chuansong.me/n/608918,女声 陪领导赴宴女子遭性侵致死 畸形职场文化有责任
817,2014-08-18,http://chuansong.me/n/606898,女声 产妇死亡:哀痛下别只剩“被消费”
818,2014-08-15,http://chuansong.me/n/601990,女声 三年产假让人想起“妇女回家论”
819,2014-08-14,http://chuansong.me/n/599997,"女声独家 家庭、医疗、国家,湘潭产妇死于父权结构的合谋"
820,2014-08-13,http://chuansong.me/n/597474,"女声 郭美美,被抛弃的不守本分的玩偶"
821,2014-08-12,http://chuansong.me/n/596004,女声独家 女权主义电视台第九期:暖男也请戴套
822,2014-08-08,http://chuansong.me/n/590254,女声独家 “女孩力量”广告能消除性别歧视吗?
823,2014-08-08,http://chuansong.me/n/590255,女声 昆山爆炸消失的母亲们
824,2014-08-07,http://chuansong.me/n/588748,"女声 颠覆父权制,从“姓氏革命”开始"
825,2014-08-06,http://chuansong.me/n/586997,女声独家 为什么我们仍需要女权主义?——七个误解及反驳
826,2014-08-05,http://chuansong.me/n/585192,"女声 从被推崇到被厌弃,“铁姑娘”告诉了我们什么"
827,2014-08-05,http://chuansong.me/n/585193,女声招聘 妇女传媒监测网络招聘全职活动专员一名
828,2014-08-04,http://chuansong.me/n/584786,女声 中国不存在“剩女”
829,2014-08-01,http://chuansong.me/n/584787,女声独家 资本和父权抛下了周建容
830,2014-07-31,http://chuansong.me/n/584788,女声独家 你需要的不是“暖男”
831,2014-07-29,http://chuansong.me/n/584789,女声独家 穆斯林可以成为女权主义者吗?
832,2014-07-28,http://chuansong.me/n/584790,女声 不满高考分数线女高男低 女大学生致信习近平
833,2014-07-28,http://chuansong.me/n/584791,女声推荐 关注女性性权微信公号“还女生平等”上线
834,2014-07-27,http://chuansong.me/n/584792,女声 澎湃新闻专访厦大防治性骚扰联署信发起人李芙蕊
835,2014-07-27,http://chuansong.me/n/584793,女声招聘 妇女传媒监测网络全职工作人员一名【即将截止】
836,2014-07-25,http://chuansong.me/n/584794,女声独家 贪官不是“枕边风”吹出来的
837,2014-07-24,http://chuansong.me/n/584795,女声独家 76校友联署吁厦门大学建立机制防治校园性骚扰
838,2014-07-23,http://chuansong.me/n/584796,女声 好友遭遇性侵害……我该怎么办?
839,2014-07-23,http://chuansong.me/n/584797,联署 诚邀厦大人加入联署:呼吁建立校园性骚扰防治规范
840,2014-07-21,http://chuansong.me/n/584798,女声 调查发现:学历更高不代表性别平等意识更好
841,2014-07-18,http://chuansong.me/n/584799,女声 维权遭解雇 深圳女工周建容跳楼身亡
842,2014-07-17,http://chuansong.me/n/584800,女声 玛格丽特•桑格:为女性生育自主权而斗争终生
843,2014-07-17,http://chuansong.me/n/584801,女声独家 中日女权主义者同步呼吁保障家政工权利
844,2014-07-16,http://chuansong.me/n/584802,女声 贬抑女性是中国社会潜规则
845,2014-07-16,http://chuansong.me/n/584803,推荐 8个刷新三观的另类媒体公号
846,2014-07-15,http://chuansong.me/n/584804,女声独家 不再逆来顺受:剧社为家政工赋权
847,2014-07-15,http://chuansong.me/n/584805,招聘推荐 为平机构招聘全职工作人员一名
848,2014-07-14,http://chuansong.me/n/584806,"女声 博导“诱奸”学生,只败德不违法?"
849,2014-07-14,http://chuansong.me/n/584807,女声 教授“诱奸”女学生折射“师生恋”权力困局
850,2014-07-14,http://chuansong.me/n/584808,女声招聘 妇女传媒监测网络招聘全职工作人员一名
851,2014-07-10,http://chuansong.me/n/584809,女声 老贾家的女人们:时代浮沉中的中国女性命运
852,2014-07-10,http://chuansong.me/n/584810,女声独家 不再沉默:是时候承认家政工是有价值的劳动者
853,2014-07-09,http://chuansong.me/n/584811,女声 四个选择不生育的女人
854,2014-07-08,http://chuansong.me/n/584812,女声 玛丽·居里:打破歧视坚冰的“波兰荡妇”
855,2014-07-07,http://chuansong.me/n/584813,女声独家 18张图18个故事: 女人的身体自己做主
856,2014-07-04,http://chuansong.me/n/584814,女声 “圈养者”高晓松和“反转者”夕又米
857,2014-07-03,http://chuansong.me/n/584815,女声 女状元招惹了谁
858,2014-07-01,http://chuansong.me/n/584816,"女声独家 女权主义电视台第8期:世界杯,女人都在干神马?"
859,2014-06-30,http://chuansong.me/n/584817,女声 该不该“听妈妈的话”
860,2014-06-30,http://chuansong.me/n/584818,女声独家 教育部:高校不得擅自规定男女录取比例
861,2014-06-27,http://chuansong.me/n/584819,女声 政商圈子里的中国式情人
862,2014-06-26,http://chuansong.me/n/584820,女声 最高法院不予核准受暴杀夫妇女死刑判决
863,2014-06-25,http://chuansong.me/n/584821,女声 出轨剧情模板化:传统性别规范制造
864,2014-06-24,http://chuansong.me/n/584822,女声 被遗忘的女权 ——辛亥革命为何过河拆桥?
865,2014-06-24,http://chuansong.me/n/584823,女声独家 女星频遭家暴?只是冰山一角
866,2014-06-23,http://chuansong.me/n/584824,女声 不存在的“荡妇”
867,2014-06-17,http://chuansong.me/n/584825,女声 女子足球为何“无人喝彩”?
868,2014-06-17,http://chuansong.me/n/584826,女声活动 三个男生讲女权:男性性别平等故事分享会
869,2014-06-16,http://chuansong.me/n/584827,女声 制作世界杯国旗的中国女工
870,2014-06-16,http://chuansong.me/n/584828,女声活动 女权主义学校第二期开始报名啦!
871,2014-06-14,http://chuansong.me/n/584829,女声 谁左右了“唐慧案”
872,2014-06-13,http://chuansong.me/n/584830,"女声独家 “良家女”和“失足女”之间,没有安全分割线"
873,2014-06-13,http://chuansong.me/n/584831,女声独家 家政工与雇主联署吁签《家政工体面劳动公约》
874,2014-06-12,http://chuansong.me/n/584832,"女声 被嫌弃的松子,和她背后的冰山"
875,2014-06-11,http://chuansong.me/n/584833,女声 用笔改变世界的女人们
876,2014-06-10,http://chuansong.me/n/584834,女声 丈母娘推高房价是个伪命题!
877,2014-06-09,http://chuansong.me/n/584835,女声独家 收容教育是警务秘密?90后女生行政复议求真相
878,2014-06-09,http://chuansong.me/n/584836,联署邀请 呼吁政府批准《家政工体面劳动公约》
879,2014-06-05,http://chuansong.me/n/584837,女声独家 从东莞扫到海波:风化警察严打“失足”女
880,2014-06-04,http://chuansong.me/n/584838,"女声 想让女儿有丰富的职业选择?去做家务吧,爸爸们"
881,2014-05-31,http://chuansong.me/n/584839,女声独家 联署问责麦当劳:保障妇女安全是公共场所责任
882,2014-05-30,http://chuansong.me/n/584840,女声独家 收容教育:法外制度乱象初揭
883,2014-05-29,http://chuansong.me/n/584841,"女声独家 如果导致杀人的是“病”,它的名字是厌女症"
884,2014-05-29,http://chuansong.me/n/584842,女声独家 请宽恕我那刘馨予:你从这则报道里看到多少歧视...
885,2014-05-29,http://chuansong.me/n/584843,女声 生育决定权是女性的独有权利
886,2014-05-28,http://chuansong.me/n/584844,女声独家 决绝作为斗争方案——母亲节“罢工宣言”的启示
887,2014-05-28,http://chuansong.me/n/584845,女声活动 《阴道之道》到西安
888,2014-05-26,http://chuansong.me/n/584846,女声独家 身体、性与女权主义
889,2014-05-23,http://chuansong.me/n/584847,女权之声精选资讯目录
890,2014-05-22,http://chuansong.me/n/584848,中国男女平等吗?70组数据有话说
891,2014-05-22,http://chuansong.me/n/584849,找份家政工作不容易——一名NGO工作者的体验
892,2014-05-21,http://chuansong.me/n/584850,"女声独家 520,逃到哪里去"
893,2014-05-21,http://chuansong.me/n/584851,"女声独家 520之后,爱她爱到杀死她?"
894,2014-05-20,http://chuansong.me/n/584852,女声 废止收容教育行动
895,2014-05-20,http://chuansong.me/n/584853,"女声独家 我是男生,我穿裙子"
896,2014-05-19,http://chuansong.me/n/584854,女声独家 517活动 · 假如地铁有“同性恋专座”
897,2014-05-17,http://chuansong.me/n/584855,女声独家 停止怨望“好男人”
898,2014-05-17,http://chuansong.me/n/584856,女声 加入5.17活动!同性恋占座反病理化
899,2014-05-16,http://chuansong.me/n/584857,"女声独家 超生父亲自杀,残酷制度另一边是重男轻女的观念"
900,2014-05-15,http://chuansong.me/n/584858,女声 不做“乖女孩”
901,2014-05-14,http://chuansong.me/n/584859,女声独家 争取主流与保持另类——反观女权行动传播策略
902,2014-05-13,http://chuansong.me/n/584860,【活动】5.14-5.15美丽的女权徒步·长春行
903,2014-05-08,http://chuansong.me/n/584861,收容的价码
904,2014-05-06,http://chuansong.me/n/584862,女权主义电视台第7期:干啥都别干家政
905,2014-05-05,http://chuansong.me/n/584863,法律人与学者领衔建议废止收容教育 政府:国家正在调研
906,2014-05-05,http://chuansong.me/n/584864,关于废止有关收容教育法律规定的建议信
907,2014-04-29,http://chuansong.me/n/584865,"女权被营销,求真相——广州“山楂妹妹”事件追踪"
908,2014-04-29,http://chuansong.me/n/584866,"杀害女人,何时才能不是“替天行道”?"
909,2014-04-25,http://chuansong.me/n/584867,"“我不是女权主义者,但我支持男女平等”?"
910,2014-04-24,http://chuansong.me/n/584868,九大事实为证:传统性别角色?瞎说!
911,2014-04-21,http://chuansong.me/n/584869,游击沙龙之女纸反击战
912,2014-04-18,http://chuansong.me/n/584870,如何理解性工作者的私生活
913,2014-04-17,http://chuansong.me/n/584871,假人家庭
914,2014-04-17,http://chuansong.me/n/584872,(邮箱更正)寻找靠谱女权青年! ——北京青年力量一日...
915,2014-04-14,http://chuansong.me/n/584873,女权主义电视台第5期:美丽的女权徒步
916,2014-04-14,http://chuansong.me/n/584874,女权辣微评:跟“好女孩A片”说拜拜
917,2014-04-11,http://chuansong.me/n/584875,赋计生以性别:计划生育政策的女权讨论
918,2014-04-11,http://chuansong.me/n/584876,寻找靠谱女权青年! ——北京青年力量一日培育计划
919,2014-04-10,http://chuansong.me/n/584877,禁欲时代的情色:红色电影中的女特务形象
920,2014-04-09,http://chuansong.me/n/584878,“我们可以!”然后呢?
921,2014-04-01,http://chuansong.me/n/584879,女权主义者们如何讨论文姚恋
922,2014-03-31,http://chuansong.me/n/584880,东莞事件开启性工作者权利公众讨论
923,2014-03-30,http://chuansong.me/n/584881,美丽的女权徒步——永远“在路上”
924,2014-03-28,http://chuansong.me/n/584882,强奸自然和强奸女人紧密相关
925,2014-03-27,http://chuansong.me/n/584883,"女孩, 停下你的自我审查吧"
926,2014-03-25,http://chuansong.me/n/584884,"未婚妈妈,被遗忘的相依为命"
927,2014-03-24,http://chuansong.me/n/584885,“夫人外交”体现性别结构性问题
928,2014-03-24,http://chuansong.me/n/584886,给肖美丽一个拥抱 ——“美丽的女权徒步”博物展北京站开...
929,2014-03-21,http://chuansong.me/n/584887,奥斯卡最佳女配角 Lupita Nyong'o: 别让外表决定你的价值
930,2014-03-20,http://chuansong.me/n/584888,发出声音永远是有用的
931,2014-03-20,http://chuansong.me/n/584889,"在成都,过一个女权主义的周末吧!"
932,2014-03-18,http://chuansong.me/n/584890,"其实,你也是一个女权主义者"
933,2014-03-17,http://chuansong.me/n/584891,超越主流议程?——女权视角提供的可能性
934,2014-03-13,http://chuansong.me/n/584892,评点2014年两会性别议题
935,2014-03-12,http://chuansong.me/n/584893,东莞制造
936,2014-03-11,http://chuansong.me/n/584894,女权视角看性工作:自由选择?压迫?反对歧视与侵害!
937,2014-03-10,http://chuansong.me/n/584896,一次漫长的游行
938,2014-03-10,http://chuansong.me/n/584895,关于教育部加强对高校招生违规设置性别比例监管的建议
939,2014-03-10,http://chuansong.me/n/584897,关于废止收容教育制度的建议
940,2014-03-06,http://chuansong.me/n/584898,“最美”的陷阱
941,2014-03-05,http://chuansong.me/n/584899,用维权自我赋权:农嫁女何竹青在行动中蜕变
942,2014-03-04,http://chuansong.me/n/584900,问责不会结束——“美丽的女权徒步”到广东
943,2014-03-03,http://chuansong.me/n/584901,她们为什么成为恐怖分子
944,2014-02-27,http://chuansong.me/n/584902,请把外貌还给我们
945,2014-02-27,http://chuansong.me/n/584903,“美丽的女权徒步博物展”募款
946,2014-02-26,http://chuansong.me/n/584904,"因为我,我选择自由"
947,2014-02-25,http://chuansong.me/n/584905,靓丽风景线?容貌与职业女性
948,2014-02-24,http://chuansong.me/n/584906,性别歧视?专家教授请“废学”
949,2014-02-21,http://chuansong.me/n/584907,人类学家郑田田和她的“红灯区”研究
950,2014-02-20,http://chuansong.me/n/584908,"这是我的身体,最终我爱上她的一切!"
951,2014-02-19,http://chuansong.me/n/584909,抵制逼婚广告还不够
952,2014-02-18,http://chuansong.me/n/584910,性工作是压迫还是自由?不要二选一
953,2014-02-14,http://chuansong.me/n/584911,不满广告逼婚 情人节女青年百合网总部唱歌抗议
954,2014-02-13,http://chuansong.me/n/584912,"翻译:我的姐妹,你在何方?——致AshleyDupré"
955,2014-02-12,http://chuansong.me/n/584913,女性避孕之殇:为何人流手术如此普遍
956,2014-02-11,http://chuansong.me/n/584914,东莞事件真假题 ——一种女权主义的角度
957,2014-02-10,http://chuansong.me/n/584915,你的婚姻到底谁做主
958,2014-01-28,http://chuansong.me/n/584916,"八十年后,王子终于露出了真实嘴脸——从迪士尼公主电影..."
959,2014-01-26,http://chuansong.me/n/584917,男性结扎:国家力量、计划生育运动和男性气质的相互构建
960,2014-01-25,http://chuansong.me/n/584918,“负心男”哪来的杀伤力
961,2014-01-24,http://chuansong.me/n/584919,过年男女大不同: 7个逢年过节中的性别差异现象
962,2014-01-23,http://chuansong.me/n/584920,#女权主义电视台#第二期:男孩肿么了?
963,2014-01-22,http://chuansong.me/n/584921,守贞制造“剩女”
964,2014-01-20,http://chuansong.me/n/584922,“没男人要”是谁的恐惧
965,2014-01-19,http://chuansong.me/n/584923,别再妖魔化女博士
966,2014-01-17,http://chuansong.me/n/584924,"性爱大师,火爆故事背后的真实"
967,2014-01-16,http://chuansong.me/n/584925,怎样“看女人”?一位父亲写给儿子的话
968,2014-01-14,http://chuansong.me/n/584926,"程序员女孩,一个正在发生的未来"
969,2014-01-13,http://chuansong.me/n/584927,谁说我是那个被剩下的女人?
970,2014-01-10,http://chuansong.me/n/584928,2013年中国12个女权时刻
971,2014-01-09,http://chuansong.me/n/584929,回家尴尬:我没结婚没生孩子关别人神马事?
972,2014-01-07,http://chuansong.me/n/584930,如果任志强的女儿是拉拉
973,2014-01-06,http://chuansong.me/n/584931,大陆新娘:残缺的公民身份
974,2014-01-03,http://chuansong.me/n/584932,女人腋下不自由
975,2014-01-02,http://chuansong.me/n/584933,十二年的单身美好时光
976,2013-12-30,http://chuansong.me/n/584934,2013年国际女权的15个骄傲瞬间
977,2013-12-26,http://chuansong.me/n/584935,为何人们爱对不生孩子的女性指指点点
978,2013-12-26,http://chuansong.me/n/584936,为何人们爱对不生孩子的女性指指点点
979,2013-12-25,http://chuansong.me/n/584937,女权主义诗十首
980,2013-12-23,http://chuansong.me/n/584938,#女声电子报#142期: “又前进一步” ——“就业性别歧...
981,2013-12-20,http://chuansong.me/n/584939,五位计算机领域的卓越女性
982,2013-12-19,http://chuansong.me/n/584940,#女权主义电视台#厌女症是神马
983,2013-12-18,http://chuansong.me/n/584941,消除针对妇女子宫暴力千人联名
984,2013-12-17,http://chuansong.me/n/584942,“纯爷们”更易施暴?
985,2013-12-16,http://chuansong.me/n/584943,#女声独家#“高级家政”是妇女发展出路吗
986,2013-12-13,http://chuansong.me/n/584944,"#女声独家#妇女运动,怎样才能有效?——参与者之见"
987,2013-12-05,http://chuansong.me/n/584945,独白之后的思考——艾晓明在《阴道独白》中国首演十年研...
988,2013-12-03,http://chuansong.me/n/584946,"爸爸是赚钱机器,妈妈呢?"
989,2013-11-29,http://chuansong.me/n/584947,#女声独家#反对性别暴力需走出安全区
990,2013-11-28,http://chuansong.me/n/584948,生育困局
991,2013-11-27,http://chuansong.me/n/584949,#女声独家#吕频:当代中国女权运动终于有了自己的歌声
992,2013-11-26,http://chuansong.me/n/584950,#女声独家#视频:女权之歌唱响北京地铁
993,2013-11-25,http://chuansong.me/n/584951,#女声独家#听!女人在歌唱!
994,2013-11-22,http://chuansong.me/n/584952,"吕频:生育自主权,既不属于国家,也不属于父权家庭"
995,2013-11-20,http://chuansong.me/n/584953,瑞典新电影分级标准——性别平等
996,2013-11-19,http://chuansong.me/n/584954,专题:我的阴道说错了什么——女大学生宣言风波
997,2013-11-18,http://chuansong.me/n/584955,谈性权是阶级的奢侈吗
998,2013-11-14,http://chuansong.me/n/584956,"当你说“女汉子”的时候,你在说什么"
999,2013-11-13,http://chuansong.me/n/584957,董小姐的故事:一个普通中国女孩一生经历的性别歧视
1000,2013-11-11,http://chuansong.me/n/584958,女权是亟待推进的基本人权 ——女权主义者对“人权与女权...
1001,2013-11-09,http://chuansong.me/n/584959,阴道说背后的《阴道之道》
1002,2013-11-08,http://chuansong.me/n/584960,我的阴道说错了什么
1003,2013-11-07,http://chuansong.me/n/584961,评析《关于依法惩治性侵害未成年人犯罪的意见》
1004,2013-11-06,http://chuansong.me/n/584962,女权主义者们怎么看习近平的妇联谈话
1005,2013-11-05,http://chuansong.me/n/584963,我的阴道说出来!
1006,2013-11-04,http://chuansong.me/n/584964,“占地空间”差异象征性别特权
1007,2013-11-01,http://chuansong.me/n/584965,女性政治领袖意味着什么
1008,2013-10-31,http://chuansong.me/n/584966,广告中的性别
1009,2013-10-30,http://chuansong.me/n/584967,不能让地方婚俗成为性侵“遮羞布”
1010,2013-10-28,http://chuansong.me/n/584968,全球性别差异报告
1011,2013-10-25,http://chuansong.me/n/584969,格林童话中的父权思想
1012,2013-10-24,http://chuansong.me/n/584970,粉碎“处女”谣言
1013,2013-10-23,http://chuansong.me/n/584971,只属于行动派的实验——“美丽的女权徒步”在路上
1014,2013-10-22,http://chuansong.me/n/584972,GOOGLE搜索框中的性别歧视
1015,2013-10-21,http://chuansong.me/n/584973,女权主义ABC
1016,2013-10-18,http://chuansong.me/n/584974,从《白鹿原》看中国女性的身份与爱情
1017,2013-10-17,http://chuansong.me/n/584975,专访胡因梦:女人要发掘内心的力量(下)
1018,2013-10-16,http://chuansong.me/n/584976,专访胡因梦:女人要发掘内心的力量(上)
1019,2013-10-15,http://chuansong.me/n/584977,我们正遭遇“第二代性别偏见”
1020,2013-10-12,http://chuansong.me/n/584978,强奸迷思:23个对强奸最常见的误解
1021,2013-10-11,http://chuansong.me/n/584979,国际女童日专题:自然灾害的影响并非性别中性
1022,2013-10-10,http://chuansong.me/n/584980,“美丽的女权徒步”日记簿(第二辑)
1023,2013-10-10,http://chuansong.me/n/584981,"陪走小伙伴,装备参考~"
1024,2013-10-08,http://chuansong.me/n/584982,"”关强奸犯,别关我!“"
1025,2013-10-07,http://chuansong.me/n/584983,"#长假,让我们看一部女性电影#《让娜·迪尔曼》(Jeann..."
1026,2013-10-05,http://chuansong.me/n/584984,"#长假,让我们看一部女性电影#《孩子们都很好》( 又名..."
1027,2013-10-04,http://chuansong.me/n/584985,"#长假,让我们看一部女性电影#《沙漠之花》(Desert Flo..."
1028,2013-10-03,http://chuansong.me/n/584986,"#长假,让我们看一部女性电影#《安东尼娅的家族》(Anto..."
1029,2013-10-02,http://chuansong.me/n/584987,"#长假,让我们看一部女性电影#《奥兰朵》(Orlando)"
1030,2013-10-01,http://chuansong.me/n/584988,"#长假,让我们看一部女性电影#《眼镜》(めがね)"
1031,2013-09-30,http://chuansong.me/n/584989,TA强奸我时说的话(女生版)
1032,2013-09-30,http://chuansong.me/n/584990,TA强奸我时说的话(男生版)
1033,2013-09-29,http://chuansong.me/n/584992,22件妇女与性别研究专业的人才懂的事(还有女权主义者哦...
1034,2013-09-29,http://chuansong.me/n/584991,对“女权主义”的7个误解
1035,2013-09-27,http://chuansong.me/n/584993,"美丽的女权徒步——反对性侵害,女生爱自由"
1036,2013-09-27,http://chuansong.me/n/584994,美丽的女行故事·一千零一夜
1037,2013-09-27,http://chuansong.me/n/584995,美丽的女权徒步来了!需要小伙伴们的帮助!
1038,2013-09-26,http://chuansong.me/n/584996,李天一案今日宣判 强奸案变审判受害者:丑剧全回放
1039,2013-09-26,http://chuansong.me/n/584997,法院判决回应李某某等人强奸案四焦点问题
1040,2013-05-29,http://chuansong.me/n/584998,"“校长,开房找我!” 网友拍照接力声援幼女"
1041,2013-04-10,http://chuansong.me/n/584999,"东方不败亲临西安招聘会现场,要求企业平等用工"
1042,2013-04-07,http://chuansong.me/n/585000,美国记者伍洁芳和纪思道
1043,2013-03-28,http://chuansong.me/n/585001,＂卖淫＂或性工作?继续争论
